AverageAngleError,MaxAngularError,MaxBusVoltage,MaxGyroCurrent,MaxTemperature,MinBatteryCharge,MinBusVoltage,PV_Panels,bomCost,BattCap,GyroSize
0.085115328,1.756795032,16.03162373,5.350063353,None,100,4.527303973,2,209066,456.6276706,508.1163193
0.085115281,1.756797128,16.03162277,4.62883139,None,100,4.06294101,2,209066,127.3250512,439.7183751
0.085115174,1.756799004,16.0316227,4.743399639,None,100,4.005118701,2,209066,100.3277079,450.4145494
0.085115276,1.756795886,16.03162417,10.01890348,None,100,4.557155593,2,209066,489.3928159,951.5504369
0.085115124,1.756793303,16.03162351,0.971322768,None,100,4.506118284,2,209066,434.2342865,92.25421812
0.085115308,1.756804775,16.03162387,5.796905156,None,100,4.393195965,2,209066,337.9079083,550.5321224
0.085115304,1.756794909,16.03162277,1.112626776,None,100,3.987623286,2,209066,92.37822543,105.6708068
0.085115235,1.756798698,16.03162427,6.16360292,None,100,4.289399749,2,209066,260.5252192,585.3754554
0.085115281,1.756797478,16.03162344,10.21026748,None,100,4.30325938,2,209066,271.1148089,970.006705
0.085115312,1.756796484,16.03162344,4.976659694,None,100,4.292975515,2,209066,262.6253363,472.5749184
0.085115343,1.756796832,16.03162319,8.083107902,None,100,4.385737289,2,209066,332.7564811,767.6869632
0.085115249,1.75679674,16.03162291,4.50160267,None,100,4.324800269,2,209066,285.2156982,427.4142118
0.085115192,1.756797588,16.03162353,7.969270949,None,100,4.50772622,2,209066,439.1411263,757.0498389
0.085115292,1.756796929,16.03162383,1.107713608,None,100,4.420036308,2,209066,358.3310412,105.2037379
0.085115209,1.756795934,16.03162306,0.824683829,None,100,4.354978637,2,209066,306.6711104,78.32379989
0.085115196,1.756798177,16.03162276,0.930122465,None,100,4.309810904,2,209066,273.6627783,88.33553286
0.085115286,1.756796127,16.03162258,1.799932499,None,100,4.149451093,2,209066,172.4242638,170.9474899
0.085115177,1.756797502,16.03162325,8.888904572,None,100,4.23323861,2,209066,223.5979122,844.1982206
0.085115194,1.756796467,16.0316227,6.930866874,None,100,4.131791124,2,209066,163.2153982,658.2223937
0.085115289,1.756795258,16.03162371,2.050689115,None,100,4.455205202,2,209066,388.5761807,194.7619677
0.085115188,1.756799705,16.03162341,10.23319303,None,100,4.53694279,2,209066,468.9979132,969.9657217
0.085115247,1.756794782,16.03162258,2.056564875,None,100,4.207543009,2,209066,206.4135372,195.3205392
0.085115226,1.75679526,16.03162277,2.624209439,None,100,3.913431316,2,209066,61.74386881,248.7843172
0.085115246,1.756798535,16.03162429,7.896352094,None,100,4.530059975,2,209066,460.7399404,749.3263771
0.08511529,1.756795123,16.03162366,2.809873361,None,100,4.442537426,2,209066,377.8618628,266.8663003
0.085115218,1.756797015,16.03162268,7.393419631,None,100,3.980428343,2,209066,89.64924671,701.8272924
0.085115269,1.756803157,16.0316239,1.545496441,None,100,4.433700339,2,209066,369.9293909,145.7314434
0.085115341,1.756797804,16.03162392,8.00094091,None,100,4.318202833,2,209066,281.2403021,759.4795923
0.085115295,1.756796237,16.03162266,3.392260244,None,100,4.262736848,2,209066,241.8270381,322.2139142
0.085115159,1.756798196,16.03162596,8.058784751,None,100,4.431432919,2,209066,370.3526924,765.7540182
0.085115216,1.756804272,16.03162299,2.365937209,None,100,4.359697211,2,209066,310.6298398,224.7015991
0.085115224,1.756796132,16.03162327,1.927196071,None,100,4.489340315,2,209066,419.0888665,183.0345005
0.085115252,1.756798487,16.03162265,3.890123672,None,100,4.175944141,2,209066,187.7958845,368.6774319
0.085115297,1.756795221,16.03162286,6.684603211,None,100,4.297084106,2,209066,265.902496,635.1198392
0.085115116,1.756795552,16.03162326,2.177849298,None,100,4.50683737,2,209066,435.4335144,206.7280111
0.085115262,1.756797519,16.03162507,7.219083849,None,100,4.410631355,2,209066,352.564638,685.738261
0.085115249,1.756795816,16.03162421,1.337981731,None,100,4.469470503,2,209066,400.9414022,127.0735965
0.085115234,1.756796992,16.031623,3.383158191,None,100,4.455755397,2,209066,389.6075442,321.3160002
0.085115289,1.756799853,16.03162312,8.536249471,None,100,4.020967841,2,209066,107.7386355,810.6971613
0.085115172,1.756796305,16.03162373,5.016701749,None,100,4.555785084,2,209066,484.881778,476.4573743
0.08511523,1.7567984,16.0316226,0.578966634,None,100,4.422472334,2,209066,360.2743552,55.00748051
0.085115228,1.756803282,16.03162371,2.224018358,None,100,4.413426651,2,209066,353.2307951,211.1577698
0.085115278,1.75679467,16.03162396,7.058439532,None,100,4.341172745,2,209066,297.9362665,670.0208235
0.085115323,1.756798571,16.03162386,9.010510846,None,100,4.476851758,2,209066,410.922974,855.601519
0.085115309,1.75679719,16.03162263,1.308594207,None,100,4.051075725,2,209066,121.3305303,124.2815344
0.08511519,1.756801293,16.0316235,5.627297694,None,100,4.277217501,2,209066,251.9586241,534.4116124
0.085115255,1.756800406,16.03162341,5.918502691,None,100,4.535669934,2,209066,465.107697,562.1039081
0.085115219,1.756793216,16.03162266,5.655815628,None,100,4.141942454,2,209066,168.6724628,537.1563059
0.085115264,1.756797,16.03162326,7.857721111,None,100,4.281203091,2,209066,255.1572441,745.496885
0.085115227,1.756797564,16.03162377,3.862255375,None,100,4.34226258,2,209066,297.8638934,366.7014049
0.085115141,1.756796389,16.0316238,6.77327113,None,100,4.40902997,2,209066,351.1306773,643.2823733
0.085115359,1.756796212,16.0316226,1.729360925,None,100,4.152420204,2,209066,174.0205447,164.2448708
0.085115269,1.756795733,16.03162444,2.315285755,None,100,4.261506571,2,209066,240.7767286,218.0586449
0.085115239,1.756798898,16.03162271,2.154046174,None,100,4.32909253,2,209066,287.7510084,204.6641547
0.085115234,1.756799968,16.0316226,2.150990564,None,100,3.954848761,2,209066,78.57897463,204.2783063
0.085115326,1.756795637,16.03162345,9.35502357,None,100,4.526312846,2,209066,457.940613,888.4835999
0.085115287,1.756800172,16.03162269,5.090415586,None,100,4.087431102,2,209066,139.5743556,483.4517622
0.085115281,1.756796464,16.03162336,4.084314555,None,100,4.273444737,2,209066,249.0790207,387.9046608
0.085115274,1.756796925,16.0316227,10.14675108,None,100,3.981793105,2,209066,90.41468339,962.6675954
0.085115311,1.75679679,16.03162388,9.489528734,None,100,4.440589575,2,209066,378.8391161,900.8859349
0.085115257,1.756796998,16.03162273,6.892536436,None,100,4.031258828,2,209066,112.351318,654.6113262
0.085115278,1.756795796,16.03162366,2.16758954,None,100,4.546123178,2,209066,473.4457203,205.8662109
0.085115265,1.75679811,16.03162266,8.174173156,None,100,4.058365652,2,209066,125.4077399,775.902817
0.085115243,1.756796182,16.03162371,2.787460128,None,100,4.528936302,2,209066,456.8971358,264.7366984
0.085115256,1.756795064,16.03162282,7.429218501,None,100,4.046345833,2,209066,119.5263183,705.5786769
0.085115215,1.75679664,16.03162358,0.774141831,None,100,4.285705799,2,209066,256.7980645,73.5420626
0.085115224,1.756799759,16.03162344,5.918804984,None,100,4.28798359,2,209066,259.4280831,561.7936296
0.085115215,1.756796934,16.03162258,1.196015601,None,100,4.151490657,2,209066,173.4663218,113.5858349
0.085115299,1.756799564,16.0316242,9.880675182,None,100,4.562352782,2,209066,494.6682847,938.3308746
0.085115294,1.756798796,16.03162282,7.95315741,None,100,4.163329106,2,209066,181.0052857,750.9827355
0.085115292,1.756800977,16.03162411,8.654802987,None,100,3.999595808,2,209066,98.11953603,821.9733473
0.08511524,1.756795634,16.03162455,5.413520981,None,100,4.254831865,2,209066,236.9687557,514.144296
0.085115261,1.756793536,16.03162394,8.145254832,None,100,4.381141053,2,209066,329.0399997,773.5902391
0.085115209,1.756796203,16.03162442,5.381593873,None,100,4.393080551,2,209066,337.6445823,511.1101233
0.085115249,1.756802858,16.03162352,3.776532054,None,100,4.322162924,2,209066,283.1810546,358.6871714
0.085115254,1.756795808,16.03162355,5.293975851,None,100,4.516225103,2,209066,445.8440913,501.9692931
0.085115226,1.756799984,16.03162367,6.173322157,None,100,4.400281185,2,209066,343.7791315,585.8149883
0.08511526,1.756799967,16.03162264,3.460048405,None,100,4.0933623,2,209066,142.4761341,327.8213218
0.085115166,1.756797041,16.03162268,3.817088277,None,100,4.120375539,2,209066,156.6872821,362.6719111
0.085115191,1.756796161,16.03162281,7.077150371,None,100,4.395458726,2,209066,340.1063985,672.147181
0.085115212,1.756799736,16.03162257,1.499361906,None,100,4.146280016,2,209066,170.6404707,142.3121861
0.085115194,1.756795725,16.03162328,9.370129287,None,100,4.470036791,2,209066,404.8904394,889.923345
0.0851152,1.756795602,16.03162262,9.595435584,None,100,3.918065348,2,209066,63.91994621,911.3641475
0.085115187,1.75679712,16.03162435,6.606969401,None,100,4.505812346,2,209066,436.639242,627.4920868
0.085115224,1.756795079,16.03162335,9.386424554,None,100,4.555655403,2,209066,487.3381848,891.4706034
0.085115359,1.756795998,16.03162281,8.748055611,None,100,4.127115463,2,209066,160.868872,830.8497821
0.085115265,1.756796191,16.03162398,8.948568411,None,100,4.321746289,2,209066,284.0946195,849.8349855
0.085115193,1.756795122,16.03162362,7.064226806,None,100,4.467513,2,209066,401.5451691,670.9208166
0.085115231,1.756795774,16.03162279,10.30623672,None,100,4.111999042,2,209066,152.9010732,978.8255402
0.085115245,1.756797164,16.03162422,7.329698173,None,100,4.273838826,2,209066,250.0141193,696.09434
0.085115153,1.75679653,16.03162269,8.924674467,None,100,4.012058761,2,209066,103.7145959,847.6102218
0.085115286,1.7567969,16.03162265,2.390725241,None,100,4.145950379,2,209066,170.5560288,227.0961749
0.085115218,1.756797056,16.03162419,4.509931728,None,100,4.456226108,2,209066,390.4363729,428.3505296
0.085115138,1.75679608,16.03162266,9.430096015,None,100,4.155088406,2,209066,176.4874125,895.6329971
0.085115213,1.75679556,16.03162391,9.933349349,None,100,4.490737215,2,209066,424.152441,943.4067476
0.085115297,1.756802109,16.03162413,2.501074986,None,100,4.491309044,2,209066,421.1541969,237.5445152
0.085115241,1.756805374,16.03162265,7.367287481,None,100,4.076067434,2,209066,134.0560779,699.6936479
0.085115268,1.756797903,16.0316239,8.025993164,None,100,4.254627713,2,209066,237.3085511,762.2871812
0.085115292,1.756795846,16.0316235,9.636228277,None,100,4.516081977,2,209066,448.1263633,915.1914541
0.085115273,1.756799958,16.03162375,10.48789281,None,100,4.324372689,2,209066,286.4063034,996.0697091
0.08511519,1.756796219,27.02979652,7.270253824,None,100,4.579550207,3,235066,420.2491416,690.4852376
0.085115264,1.75679828,27.02979483,8.795005216,None,100,4.232865632,3,235066,101.1199744,835.2971673
0.08511526,1.756795625,27.02979516,4.349586621,None,100,4.594950655,3,235066,434.3988965,413.0948654
0.085115262,1.756798438,27.02979745,9.816435673,None,100,4.485393225,3,235066,333.0322732,932.4516668
0.085115247,1.756797109,27.02979501,5.566439741,None,100,4.294752831,3,235066,163.7507941,528.6665077
0.08511521,1.756795569,27.02979659,8.480990662,None,100,4.518392333,3,235066,363.1224406,805.4733712
0.085115223,1.756800606,27.02979629,6.565869537,None,100,4.609270843,3,235066,448.7288005,623.8400113
0.085115224,1.75679629,27.02979693,4.612483964,None,100,4.64018355,3,235066,478.6835686,438.0674454
0.085115394,1.756797971,27.02979782,4.804546339,None,100,4.458146516,3,235066,307.8463701,456.4214392
0.085115214,1.756795492,27.02979497,0.746293091,None,100,4.338404444,3,235066,202.5425492,70.87850946
0.085115192,1.756797005,27.0297958,5.906967694,None,100,4.210870307,3,235066,69.35909576,561.2375408
0.085115198,1.756799521,27.02979702,4.546426839,None,100,4.599121032,3,235066,438.4435399,431.897035
0.08511528,1.756796095,27.02979486,2.007343592,None,100,4.305938328,3,235066,173.714483,190.6364586
0.085115289,1.756800138,27.02979506,9.954173858,None,100,4.250324774,3,235066,120.6827248,945.3846807
0.085115269,1.756799643,27.02979613,5.463306317,None,100,4.446171483,3,235066,297.2934913,518.3509843
0.085115318,1.756800308,27.02979635,0.953908714,None,100,4.475476239,3,235066,322.8507459,90.58898175
0.085115276,1.756795087,27.02979702,2.197733643,None,100,4.637186199,3,235066,475.1698727,208.7224163
0.085115305,1.756795755,27.02979506,8.66242108,None,100,4.306993306,3,235066,175.0877852,822.7064973
0.085115259,1.756796109,27.0297955,3.188057006,None,100,4.217624986,3,235066,80.7318712,302.1436366
0.085115304,1.756794395,27.02979505,3.163988125,None,100,4.29423988,3,235066,163.1060408,300.0891067
0.085115312,1.756798372,27.02979764,4.280535445,None,100,4.4768163,3,235066,324.4833425,406.1950335
0.08511523,1.756796936,27.02979734,4.115646364,None,100,4.49125025,3,235066,337.4725203,390.880156
0.085115209,1.756797175,27.02979586,9.745334434,None,100,4.43205282,3,235066,285.3426042,924.2573062
0.08511527,1.756795759,27.02979645,1.957671637,None,100,4.493289768,3,235066,339.0317707,185.9283035
0.085115168,1.756800964,27.02979485,5.857136615,None,100,4.366036089,3,235066,227.1625019,556.2987338
0.085115266,1.756796223,27.02979615,10.13932069,None,100,4.516844925,3,235066,361.9185702,962.9714354
0.085115289,1.756795282,27.02979517,1.152726712,None,100,4.20658104,3,235066,59.75578535,109.4785721
0.085115263,1.75679578,27.02979499,4.993038629,None,100,4.333360865,3,235066,198.4039245,474.2062597
0.085115236,1.756795842,27.02979644,9.415557447,None,100,4.493372032,3,235066,340.1906274,889.7668222
0.085115239,1.756796598,27.02979477,4.371291119,None,100,4.360842802,3,235066,222.5001083,415.1418798
0.085115189,1.756802327,27.02979593,7.322133211,None,100,4.496364567,3,235066,342.6147983,695.4295705
0.08511524,1.756797436,27.02979787,3.649625363,None,100,4.62505775,3,235066,463.5268501,346.6904827
0.085115117,1.75679614,27.02979664,10.06015103,None,100,4.236993127,3,235066,106.018788,954.9650842
0.085115256,1.756798896,27.02979522,0.535996422,None,100,4.247909358,3,235066,117.6887457,50.88958755
0.085115249,1.756794924,27.02979613,1.497293804,None,100,4.34560107,3,235066,208.9143946,142.2046426
0.085115233,1.756795504,27.02979488,4.86368125,None,100,4.367813745,3,235066,228.6281041,461.8340303
0.085115205,1.756795837,27.02979497,7.806314147,None,100,4.232668297,3,235066,100.8825513,741.3975269
0.085115241,1.756796859,27.02979499,4.870663629,None,100,4.333935815,3,235066,198.9668063,462.5819569
0.085115182,1.756798656,27.02979502,8.760555975,None,100,4.340352238,3,235066,204.8213815,832.102636
0.085115257,1.756795838,27.02979497,7.909716481,None,100,4.210448156,3,235066,68.59990734,751.2284849
0.085115228,1.75679921,27.02979654,9.25014629,None,100,4.359421043,3,235066,221.6483435,878.5147014
0.085115307,1.756797591,27.02979489,3.404038538,None,100,4.340656152,3,235066,204.691339,323.3499465
0.085115294,1.756797091,27.0297973,7.783334142,None,100,4.621993582,3,235066,461.4844872,739.2111743
0.085115255,1.756796792,27.0297963,9.974363548,None,100,4.596661276,3,235066,437.2858968,947.3022069
0.085115159,1.75679563,27.02979499,8.61875745,None,100,4.359568638,3,235066,221.7583418,818.5693584
0.08511524,1.75679792,27.02979664,8.713708714,None,100,4.589736578,3,235066,430.2969488,826.5656601
0.085115254,1.756800339,27.02979751,4.222397223,None,100,4.45213481,3,235066,302.4265255,401.0805462
0.08511525,1.756795626,27.02979492,2.028715064,None,100,4.204407052,3,235066,53.38124066,192.6781827
0.085115192,1.756797843,27.0297972,2.058443642,None,100,4.39354785,3,235066,250.7268933,195.5028624
0.08511526,1.756799246,27.02979686,0.763390409,None,100,4.357886204,3,235066,219.6104236,72.50749699
0.085115244,1.756795881,27.02979493,10.12385475,None,100,4.210960502,3,235066,69.67911874,961.503008
0.085115259,1.756795649,27.02979489,5.099072596,None,100,4.277433398,3,235066,147.4868166,484.6222227
0.085115248,1.756794403,27.02979503,3.521088768,None,100,4.339556135,3,235066,203.7378546,334.412838
0.085115178,1.756796673,27.02979635,5.806258416,None,100,4.65004667,3,235066,488.8228811,551.47551
0.085115328,1.756800014,27.02979492,6.866573298,None,100,4.334270873,3,235066,199.3750529,652.0123619
0.085115165,1.756797697,27.02979507,9.833056293,None,100,4.306957834,3,235066,175.1545505,933.8839276
0.085115228,1.756796287,27.02979495,6.730523313,None,100,4.204114576,3,235066,52.5201492,638.3485517
0.08511524,1.756805102,27.02979485,1.532016192,None,100,4.315559046,3,235066,182.3314128,145.5035289
0.085115285,1.75679549,27.02979606,1.102898205,None,100,4.561359342,3,235066,401.7307562,104.7468975
0.085115246,1.756794925,27.02979788,4.53095579,None,100,4.478239571,3,235066,325.8799494,430.3364843
0.085115342,1.756795813,27.0298018,8.083514262,None,100,4.512701101,3,235066,357.6946529,767.7265433
0.085115232,1.756799166,27.02979762,5.36721149,None,100,4.524149438,3,235066,367.787039,509.6358725
0.08511522,1.756796191,27.02979902,5.415825704,None,100,4.417968695,3,235066,272.5054175,514.1275095
0.085115237,1.756795418,27.02979485,4.744557276,None,100,4.238289219,3,235066,107.3080975,450.6111393
0.085115293,1.756796028,27.0297972,2.29520351,None,100,4.434960259,3,235066,286.9998324,218.0549833
0.085115215,1.756799041,27.02979502,6.761530007,None,100,4.214290826,3,235066,75.5398103,641.7724369
0.085115226,1.756796147,27.02979483,7.052778897,None,100,4.383733505,3,235066,242.7498668,669.9334576
0.085115322,1.756797043,27.02979682,5.961322046,None,100,4.554460298,3,235066,396.1775071,566.3449904
0.085115274,1.756795308,27.02979681,6.123483901,None,100,4.486375566,3,235066,333.3667374,581.5727535
0.08511527,1.756795877,27.02979652,1.720330474,None,100,4.541023334,3,235066,382.842877,163.3861613
0.085115274,1.756796047,27.02979673,9.790122012,None,100,4.526196372,3,235066,370.4940012,929.804655
0.08511524,1.756796333,27.02979487,3.754016275,None,100,4.25295415,3,235066,123.1846535,355.7423685
0.085115183,1.756801181,27.02979649,3.323483244,None,100,4.380450712,3,235066,239.4791691,315.6309956
0.085115191,1.756795342,27.0297948,5.76460967,None,100,4.210337825,3,235066,68.39259285,547.4775229
0.08511529,1.756798022,27.02979492,7.040082218,None,100,4.346243261,3,235066,209.8547954,668.7239536
0.085115303,1.756795404,27.02979597,9.209515281,None,100,4.396622977,3,235066,254.1313519,874.6697836
0.085115264,1.756797387,27.02979686,2.372163252,None,100,4.605968797,3,235066,444.5764585,225.2858132
0.085115177,1.756796609,27.02979494,9.506169302,None,100,4.205853987,3,235066,58.16682995,904.079025
0.085115221,1.75679502,27.02979667,7.976296865,None,100,4.512418296,3,235066,357.4423693,757.5398301
0.085115289,1.756797527,27.02979505,8.276795473,None,100,4.282204,3,235066,152.1712132,786.2667915
0.085115239,1.756793189,27.02979498,10.16357907,None,100,4.354757032,3,235066,217.6634298,965.2790143
0.085115291,1.756795661,27.02979514,3.000305288,None,100,4.550166365,3,235066,391.6281736,284.9529063
0.085115231,1.756799634,27.02979494,6.493265363,None,100,4.218539036,3,235066,82.24533508,616.6785207
0.085115242,1.756796043,27.02979496,3.704818663,None,100,4.232282486,3,235066,100.205137,351.8631493
0.085115221,1.756797456,27.02979733,6.384155135,None,100,4.454660132,3,235066,304.9422048,606.3418721
0.085115286,1.756796191,27.02979555,8.433342327,None,100,4.215757086,3,235066,78.01120363,800.9310908
0.085115185,1.756797948,27.02979538,9.566150002,None,100,4.219277556,3,235066,83.4061037,908.4876114
0.085115223,1.756800769,27.02979504,7.742301212,None,100,4.336577884,3,235066,201.4071541,735.010605
0.085115117,1.756795722,27.02979726,1.370373353,None,100,4.62005154,3,235066,458.0673723,130.0379273
0.08511523,1.756795929,27.02979481,5.548587006,None,100,4.280982347,3,235066,150.853131,526.3766261
0.085115248,1.756795024,27.02979705,5.158703843,None,100,4.610145422,3,235066,449.2683466,489.934391
0.085115325,1.756798327,27.02979605,8.942448084,None,100,4.605218437,3,235066,445.3919782,849.3936237
0.085115205,1.756797769,27.02979703,8.39749462,None,100,4.558278822,3,235066,400.2111018,796.7750349
0.085115246,1.756798883,27.02979484,4.749884728,None,100,4.218666561,3,235066,82.30721537,451.1029326
0.085115334,1.756796102,27.02979623,8.081276796,None,100,4.441140559,3,235066,293.2016363,767.5117805
0.085115189,1.75679817,27.02979509,3.69586909,None,100,4.221982875,3,235066,87.0065891,350.9381479
0.085115183,1.756797779,27.02979498,5.696253798,None,100,4.312147328,3,235066,179.5888049,541.1889217
0.085115103,1.756797248,27.02979617,3.331864793,None,100,4.569520066,3,235066,409.8278803,316.4340261
0.085115236,1.756797184,27.02979483,1.864387368,None,100,4.299276708,3,235066,167.6934907,176.9743188
0.085115182,1.756800819,27.02979687,4.86417732,None,100,4.491360509,3,235066,337.7045392,461.9431861
0.085115215,1.756795432,38.02796982,3.402468083,None,100,4.462617629,4,249066,221.6772244,323.2617321
0.085115344,1.756795826,38.02796733,6.403167279,None,100,4.512848987,4,249066,279.6437503,608.1489245
0.085115282,1.756797146,38.02796898,7.882748303,None,100,4.549654975,4,249066,319.2758629,748.016527
0.08511516,1.756796347,38.02797007,8.031096967,None,100,4.704998237,4,249066,478.8119276,764.4033362
0.085115197,1.756796034,38.02796704,0.963608968,None,100,4.42933462,4,249066,177.2863341,91.51802257
0.085115259,1.756796047,38.02796971,1.486817983,None,100,4.576900241,4,249066,347.2167462,141.208014
0.085115232,1.756802097,38.02796965,1.575309614,None,100,4.709042138,4,249066,481.7974903,149.6209522
0.08511524,1.756795769,38.02796929,1.387109002,None,100,4.562537189,4,249066,332.2499026,131.7387635
0.085115162,1.756795495,38.02796973,1.002563312,None,100,4.718193849,4,249066,490.9475178,95.21726652
0.085115187,1.756795631,38.02797125,0.642184622,None,100,4.571805054,4,249066,341.8517259,60.99200418
0.085115248,1.756796035,38.02796917,5.223619034,None,100,4.468971662,4,249066,229.5096907,496.1403516
0.08511515,1.756796917,38.02796712,1.80161926,None,100,4.52766745,4,249066,295.2945814,171.1062401
0.085115265,1.756795917,38.02797152,3.518429668,None,100,4.587214213,4,249066,358.110712,334.1834579
0.085115186,1.756797727,38.02796706,1.720068295,None,100,4.421692684,4,249066,165.6886543,163.36736
0.085115189,1.756796137,38.02796959,1.669668458,None,100,4.634343009,4,249066,406.09634,158.5742873
0.085115196,1.756794403,38.02796764,5.167702412,None,100,4.456910591,4,249066,214.7492215,490.7989765
0.085115243,1.756797197,38.02796904,1.637690997,None,100,4.461226247,4,249066,219.8756214,155.5180528
0.085115267,1.756795589,38.0279672,10.45394399,None,100,4.452414308,4,249066,209.3504484,992.9291054
0.085115264,1.756795268,38.02796714,3.249169502,None,100,4.384444102,4,249066,51.69087417,308.5881046
0.085115306,1.756795737,38.02796703,1.689880934,None,100,4.384502411,4,249066,54.00424357,160.6787754
0.085115233,1.756796174,38.02796751,1.572265167,None,100,4.384926742,4,249066,63.37852574,148.6144944
0.085115113,1.756800068,38.02796703,2.469993645,None,100,4.409233658,4,249066,144.4415117,234.5770986
0.085115227,1.756795945,38.02796712,8.969535683,None,100,4.384463516,4,249066,53.94163601,850.7556766
0.085115251,1.756796737,38.02797143,4.560574811,None,100,4.513975518,4,249066,280.7546994,432.6642877
0.085115363,1.756798047,38.02796845,7.048247443,None,100,4.506833689,4,249066,273.0033697,669.6483396
0.085115324,1.756797975,38.02796917,7.547498308,None,100,4.504159799,4,249066,270.0902469,716.8166238
0.085115282,1.756797668,38.02796896,9.148751126,None,100,4.568010147,4,249066,338.6901537,869.2884659
0.085115175,1.75679534,38.02796953,4.895826814,None,100,4.582648659,4,249066,353.5109669,464.8832018
0.085115261,1.756795978,38.02796895,4.714436255,None,100,4.499867959,4,249066,265.1105513,447.818241
0.085115257,1.756797975,38.02796708,1.491899737,None,100,4.41853713,4,249066,160.5762063,141.6964046
0.085115162,1.756794753,38.02796987,3.195063186,None,100,4.662566994,4,249066,434.984185,303.4418194
0.085115255,1.756796087,38.02796729,9.363539502,None,100,4.412545305,4,249066,150.7574364,889.2958738
0.085115199,1.756800665,38.0279671,10.06145089,None,100,4.385517472,4,249066,70.87806251,955.5751254
0.08511525,1.75679691,38.02796936,8.244732216,None,100,4.530068468,4,249066,298.456424,783.0401959
0.085115251,1.756802993,38.02796961,1.952870044,None,100,4.551091005,4,249066,320.3038165,185.4601189
0.085115314,1.756802003,38.02797024,4.806369597,None,100,4.479385357,4,249066,241.7932224,456.523081
0.085115241,1.756797679,38.02796728,9.592073612,None,100,4.398999765,4,249066,123.1308728,910.3414365
0.085115157,1.756796427,38.02796715,8.723921371,None,100,4.385756975,4,249066,73.26323127,828.6926433
0.085115265,1.756795459,38.02796707,6.050040619,None,100,4.385115139,4,249066,66.28667212,574.588778
0.085115213,1.756796302,38.02796747,9.642747478,None,100,4.387393627,4,249066,84.45468517,915.909841
0.08511524,1.756798072,38.02796702,5.159955233,None,100,4.420299862,4,249066,163.6766553,490.0313305
0.085115244,1.756800143,38.02796718,8.278978195,None,100,4.407406665,4,249066,141.1311378,785.2390289
0.085115371,1.756795694,38.02796937,10.14748919,None,100,4.681600773,4,249066,455.3777308,963.7520055
0.085115207,1.756796904,38.02796712,1.766013755,None,100,4.384529774,4,249066,55.23358948,167.8666162
0.085115285,1.756796085,38.02796961,0.845404459,None,100,4.628196408,4,249066,399.7028055,80.29197788
0.085115273,1.756800015,38.02796817,9.131767905,None,100,4.39641466,4,249066,116.7123966,867.2796106
0.085115271,1.756797039,38.02796817,6.560012754,None,100,4.463925162,4,249066,223.4785689,623.0370091
0.085115295,1.756796973,38.02797002,9.865996035,None,100,4.54296466,4,249066,312.4287526,937.017141
0.085115283,1.756795193,38.02796714,1.33724016,None,100,4.411836238,4,249066,149.1190142,127.0035501
0.085115296,1.756797001,38.02796717,7.608680286,None,100,4.398572386,4,249066,122.1456404,722.6267178
0.085115264,1.756796464,38.02796985,7.519332071,None,100,4.612214027,4,249066,384.1598956,714.1372103
0.085115202,1.756798602,38.02796888,9.86837403,None,100,4.664671906,4,249066,438.145107,937.162656
0.085115163,1.756796302,38.0279694,8.893227375,None,100,4.686480662,4,249066,460.1282488,844.627692
0.085115254,1.756797013,38.02797122,8.647424329,None,100,4.671638084,4,249066,444.9742745,821.1459879
0.085115156,1.756797697,38.02796709,4.533189119,None,100,4.395553035,4,249066,114.2287618,430.5343919
0.085115259,1.756795782,38.02796851,8.1704029,None,100,4.581745496,4,249066,352.8892718,775.979014
0.085115227,1.756796843,38.02796734,2.412079415,None,100,4.412428232,4,249066,150.2539749,228.8228879
0.085115283,1.756798169,38.02796742,3.905024474,None,100,4.468828425,4,249066,229.2326516,370.876531
0.085115317,1.756796625,38.0279692,7.048829988,None,100,4.59765758,4,249066,369.2244793,669.4524523
0.085115256,1.756796729,38.0279688,10.42248125,None,100,4.551439288,4,249066,321.4462328,989.6859421
0.08511524,1.756796157,38.02796702,0.800110364,None,100,4.401039828,4,249066,127.5173353,75.98972245
0.085115249,1.7567978,38.02796906,9.631751042,None,100,4.55945863,4,249066,329.7846645,914.7671072
0.085115246,1.756796073,38.02796961,7.523367079,None,100,4.387223106,4,249066,83.40849162,714.8163268
0.085115259,1.756796419,38.02796924,2.010584814,None,100,4.65616375,4,249066,428.3318683,190.9275943
0.085115246,1.756796468,38.02796891,7.331386187,None,100,4.712200422,4,249066,486.0157845,696.1830301
0.085115286,1.756795134,38.02796738,8.186153451,None,100,4.409485935,4,249066,145.057952,777.4516418
0.085115161,1.756796423,38.02796999,6.611809682,None,100,4.681907976,4,249066,455.150475,627.9493542
0.085115219,1.75679994,38.02796807,3.944326498,None,100,4.386671868,4,249066,79.88446568,374.6322159
0.085115295,1.756795304,38.02796949,8.401423367,None,100,4.538121975,4,249066,307.1012866,797.9185229
0.085115225,1.756798736,38.02796732,2.557855623,None,100,4.396611908,4,249066,117.0100692,242.8324077
0.085115255,1.756799781,38.02796715,3.541878809,None,100,4.434158761,4,249066,184.3981079,336.5235346
0.085115322,1.756797347,38.02796712,3.967512576,None,100,4.477480525,4,249066,239.4999936,376.7615374
0.085115292,1.756796498,38.0279689,5.230555985,None,100,4.551339433,4,249066,320.8233715,496.7677082
0.085115262,1.756803789,38.02796966,9.343305007,None,100,4.639443882,4,249066,412.2860116,887.3592937
0.085115268,1.756798705,38.02796746,10.19747394,None,100,4.465493589,4,249066,225.5814034,968.4886564
0.085115287,1.756803334,38.02797019,1.948333603,None,100,4.666008889,4,249066,438.3569539,185.0287085
0.085115317,1.756795972,38.0279671,4.142694617,None,100,4.435579792,4,249066,186.42711,393.449533
0.085115179,1.756797842,38.02796703,1.526429336,None,100,4.424236022,4,249066,169.6249913,144.7980654
0.085115214,1.756796463,38.02796923,2.373487121,None,100,4.463454058,4,249066,222.6515335,225.4179338
0.085115188,1.756796668,38.02796733,8.311103443,None,100,4.399800942,4,249066,125.0893414,789.3033397
0.085115242,1.75679564,38.02797041,3.168629748,None,100,4.722008028,4,249066,495.2119239,300.927685
0.08511523,1.756796339,38.02796699,0.949500145,None,100,4.414468998,4,249066,153.7372663,90.1777477
0.085115239,1.756796065,38.02796711,4.709613958,None,100,4.413654886,4,249066,152.5047265,447.2907815
0.085115165,1.756799283,38.02797016,1.702123129,None,100,4.593888906,4,249066,364.7584524,161.5064318
0.085115157,1.756800479,38.02797083,3.54546983,None,100,4.60358762,4,249066,374.9309961,336.7401508
0.085115253,1.756798977,38.02796712,6.324985697,None,100,4.390821523,4,249066,99.50930597,600.0366482
0.085115222,1.756795879,38.02796737,3.934549801,None,100,4.412049125,4,249066,149.5674347,373.6809548
0.085115277,1.756797186,38.0279693,9.421048622,None,100,4.53537021,4,249066,304.2455335,894.7079105
0.085115263,1.756797492,38.02796876,3.760299941,None,100,4.505865763,4,249066,271.7636444,357.0106392
0.085115293,1.756795544,38.02796719,3.322520887,None,100,4.397392439,4,249066,118.9672551,315.5283137
0.085115281,1.756796289,38.02796942,2.342574716,None,100,4.384704085,4,249066,59.39356943,222.4760152
0.085115265,1.756797366,38.02796724,9.018463014,None,100,4.414532091,4,249066,154.1770747,856.4915765
0.085115284,1.756796377,38.0279673,7.341549409,None,100,4.43377116,4,249066,184.0295013,697.2535692
0.085115207,1.756800603,38.02797054,4.930513832,None,100,4.567163217,4,249066,337.4075998,468.2990207
0.085115225,1.756796749,38.02796955,5.603116753,None,100,4.70731985,4,249066,480.774502,532.2627237
0.085115268,1.756796335,38.02796921,4.818834526,None,100,4.612981158,4,249066,384.6923912,457.6638301
0.085115157,1.756801968,38.02796885,4.725017646,None,100,4.511693699,4,249066,278.2339407,448.7490711
0.085115227,1.756795456,38.02797037,1.886329119,None,100,4.720574716,4,249066,493.5357465,179.1528321
0.085115161,1.756798397,38.02796875,9.972481457,None,100,4.517661641,4,249066,285.1478532,947.1452358
0.085115216,1.75679834,38.02797008,8.818442022,None,100,4.459403324,4,249066,218.1146274,837.660466
