AverageAngleError,MaxAngularError,MaxBusVoltage,MaxGyroCurrent,MaxTemperature,MinBatteryCharge,MinBusVoltage,PV_Panels,bomCost,BattCap,CtrlDGain,CtrlPGain,GyroSize,ixx
0.00779733289165,0.193854381681,38.0279674548,0.188435825796,0,100,4.79136444376,4,249066.0,269.73654945,0.183004338984,0.187600926077,492.656507235,1.84110890107
0.00629300071232,0.156515966722,38.0279678593,0.109858032667,0,100,4.70974754179,4,249066.0,154.079315229,0.3466820918,0.342677364833,189.653579395,1.34128015612
0.00660960397622,0.156766079935,38.0279689558,0.082548421136,0,100,4.95485304851,4,249066.0,496.365742662,0.70018060899,0.263078632917,791.921574062,1.95450660857
0.00354794599494,0.101945776818,38.0279668262,0.146221026896,0,100,4.93242351313,4,249066.0,468.665562085,0.295977611121,0.737003070039,721.219684233,1.74466681434
0.00305711255733,0.0820789691908,38.0279686477,0.0563271633702,0,100,4.77830236039,4,249066.0,257.364648262,0.459438113326,0.752039054688,61.2463577605,0.869656115393
0.00575190342913,0.13922794351,38.027968484,0.115419490158,0,100,4.70783821731,4,249066.0,151.01984119,0.195234969054,0.464816192178,50.3763004163,1.17663640112
0.0029210873383,0.0706332407689,38.0279668733,0.0728450772583,0,100,4.86210595142,4,249066.0,375.375922481,0.586848605344,0.729575216838,177.083954886,1.44765329612
0.00289923403779,0.0700615943804,38.027967908,0.0661434670236,0,100,4.65358642038,4,249066.0,72.1395391903,0.588456672406,0.7321439354,455.045762962,1.31600695213
0.00415240701647,0.0967377522338,38.0279699016,0.0272538500127,0,100,4.68111947868,4,249066.0,115.303679361,0.837363081895,0.540292629409,896.273392782,1.13538688987
0.00480897599677,0.119638254364,38.0279695712,0.14663857734,0,100,4.79774561028,4,249066.0,282.604929173,0.258493959114,0.574745602299,914.592430184,1.6329982011
0.00493796656758,0.119172176772,38.0279648508,0.0783375901904,0,100,4.94179027717,4,249066.0,478.664477407,0.291117016947,0.546354962254,371.383641359,0.907643356017
0.00186711972158,0.0451429366442,38.0279697807,0.04440510596,0,100,4.70534114849,4,249066.0,153.81230049,0.735939018077,0.827172112955,251.515358284,1.37675956323
0.007798198437,0.165297656302,38.02797414,0.0476840446291,0,100,4.67829332041,4,249066.0,105.668837264,0.935387855786,0.167248508785,116.671151612,1.00075026973
0.0046657393192,0.116680336329,38.0279688913,0.141213296114,0,100,4.66900299313,4,249066.0,93.1875919274,0.273626471448,0.589654307449,557.977349204,1.60723205602
0.0029726518382,0.0717178900069,38.0279716208,1.42478607539,0,100,4.94655558846,4,249066.0,491.097577507,0.572089121048,0.727285076819,979.993776383,1.28829074042
0.00194362553121,0.0474348962606,38.0279715626,0.651223229186,0,100,4.76901837861,4,249066.0,247.750305569,0.747674835513,0.812814596012,675.982863457,1.09680472345
0.00694573825891,0.170889547127,38.0279668609,0.120927825543,0,100,4.80840028485,4,249066.0,294.366775947,0.16731124111,0.308753712495,685.311306147,1.17447691803
0.00445621086432,0.107829143829,38.027971712,0.140275712868,0,100,4.6790859509,4,249066.0,109.958724304,0.374631258733,0.585978225491,961.271540919,1.83715111233
0.00401447284246,0.108770634646,38.0279744171,0.124167041646,0,100,4.68047537246,4,249066.0,111.6813465,0.278906289127,0.678009313978,978.471966464,1.43664343533
0.00554613447341,0.134005078825,38.0279668968,0.072046770493,0,100,4.92737014391,4,249066.0,460.85030256,0.688785589762,0.38213462514,552.984992999,1.70359055496
0.00533958785415,0.129637329474,38.027968933,1.58658215837,0,100,4.85560972471,4,249066.0,363.432807819,0.661604258487,0.410616164952,611.902370285,0.837771351032
0.00436848181137,0.0973328785636,38.0279684057,0.0463867563682,0,100,4.81637252722,4,249066.0,310.732880002,0.894288383,0.524644662587,56.0190924671,1.78521561622
0.00671505254216,0.163933132017,38.0279708573,0.181265227982,0,100,4.73522129118,4,249066.0,190.40235351,0.130440306515,0.352565646972,174.123944625,1.69915059567
0.00537470916967,0.135398454876,38.0279701252,0.104537581673,0,100,4.85278953998,4,249066.0,357.190240323,0.151913281495,0.530976907235,618.742232978,1.02019688574
0.00466796294722,0.113492208231,38.0279948408,0.0774305803519,0,100,4.88334366846,4,249066.0,402.830902114,0.694113007653,0.486159067337,414.938533731,1.90903506665
0.00492883925125,0.119822899958,38.0279676988,0.0867118262844,0,100,4.78936299164,4,249066.0,270.668376883,0.336301713451,0.53299837792,259.268066115,1.06777485223
0.00695604496179,0.159627955434,38.0279700819,0.0506504969643,0,100,4.87908332655,4,249066.0,393.223230306,0.76332291813,0.234426458577,428.086863003,1.24823863439
0.00437856677376,0.0988839000411,38.0279668666,2.53533315564,0,100,4.85076160493,4,249066.0,358.831632219,0.874545557136,0.521066670791,451.808640194,0.930583829217
0.00467174827602,0.114099341703,38.0279677294,0.0771519623423,0,100,4.65660418342,4,249066.0,74.0892079938,0.397143019453,0.548860110442,184.526370779,1.04226074577
0.00447324402908,0.110630932217,38.0279701814,0.0440125591112,0,100,4.89645471851,4,249066.0,420.379387963,0.587666198696,0.524409407449,982.883154738,0.832591608385
0.00231645239601,0.0568550499773,38.0279686112,0.0384334935676,0,100,4.84440276459,4,249066.0,352.903036523,0.814223051311,0.749799308557,142.828680938,1.60336918652
0.00641182299199,0.157804070291,38.0279698633,0.0839449544996,0,100,4.89212707274,4,249066.0,410.114565587,0.458241057292,0.311348774964,75.646664595,1.20964990883
0.00216073145471,0.0749983337442,38.0279695575,0.12497435399,0,100,4.89753097254,4,249066.0,424.33729361,0.394582509984,0.981070171832,362.379640389,1.78693632782
0.00169113178199,0.0402678028027,38.0279669054,0.0129370452382,0,100,4.75506729463,4,249066.0,228.341814748,0.920933678331,0.811161436145,372.042972459,1.14880427563
0.000619670838976,0.012826957443,38.0279672862,0.00584476936462,0,100,4.76859508099,4,249066.0,248.534978055,0.999321726782,0.934404864416,50.7119639567,1.43816864138
0.00277543276959,0.0966342522295,38.0279692909,0.143445095568,0,100,4.90508401627,4,249066.0,432.670614947,0.221772222529,0.979758487036,523.779206283,1.59669784698
0.00591910162269,0.14660902166,38.0279672476,0.108302882556,0,100,4.75736120317,4,249066.0,224.31496219,0.344791179842,0.393854828517,544.575443022,1.32559549851
0.00543318106413,0.130701732054,38.0279695791,0.0725556063747,0,100,4.91514504616,4,249066.0,444.37115956,0.723279592999,0.391533718991,335.10595762,1.90182697857
0.00206923438103,0.0507487801018,38.0279709252,0.0555114286969,0,100,4.90855568157,4,249066.0,442.552581121,0.743807378919,0.796694710228,771.10752041,1.74445088571
0.00670600764151,0.165575912358,38.027968058,0.158842935228,0,100,4.66621406631,4,249066.0,86.9024369154,0.226228087256,0.322929688591,665.835206656,1.65409922713
0.00599265073834,0.144614220953,38.0279684894,0.143641001186,0,100,4.69562824024,4,249066.0,132.331047162,0.139170082617,0.449639926165,607.130147353,1.37144739625
0.00255075974744,0.0627331397245,38.0279683687,0.0450456973601,0,100,4.89846355161,4,249066.0,428.026816397,0.787070447663,0.725683225276,736.201274488,1.63287296795
0.00210865751495,0.0674497647549,38.0279693185,0.486697683862,0,100,4.92620971238,4,249066.0,463.277015629,0.502272573318,0.869946874535,417.621578876,0.802280980269
0.00486424741235,0.120960792736,38.027970574,0.0925042949804,0,100,4.87031108007,4,249066.0,382.196340806,0.250555858103,0.569662558034,350.674391753,1.01976206233
0.00503931386787,0.125325706354,38.0279676709,0.105970329122,0,100,4.878843693,4,249066.0,394.811763748,0.481363970911,0.472671557528,293.413476422,1.62708339841
0.00119335394745,0.0412132171685,38.0279690028,0.0489940406772,0,100,4.66532123008,4,249066.0,92.6861856257,0.671065849991,0.954693021753,488.505662251,1.2716224744
0.00390037504106,0.0877471192528,38.0279675702,0.02859255487,0,100,4.91113547987,4,249066.0,443.083606538,0.893198608833,0.574002111906,895.587359806,1.24229312658
0.00434824709486,0.120275627196,38.0279672784,0.0925529371663,0,100,4.77621160369,4,249066.0,251.969486383,0.190704600444,0.660369777436,673.111496412,0.956886834488
0.00176990158592,0.0601142960413,38.0279716185,0.0913570544876,0,100,4.81147824894,4,249066.0,306.341012686,0.506569510727,0.966711187946,233.478932794,1.59782584817
0.0059735183036,0.14464365179,38.0279688182,0.120881098785,0,100,4.67116634573,4,249066.0,94.9092358911,0.16673940654,0.443372589802,681.946843144,1.18913344671
0.00700149937496,0.158583232269,38.027967673,0.0605938773407,0,100,4.77844240758,4,249066.0,254.154804115,0.792483837737,0.233308031167,262.495735855,1.47176879796
0.00788612271163,0.193163461697,38.0279674669,0.106888748924,0,100,4.8367160235,4,249066.0,333.190363459,0.392583807904,0.144699138424,383.695823241,1.35797333555
0.00460224228202,0.125060177844,38.0279679237,0.129545229952,0,100,4.68938398186,4,249066.0,123.998901572,0.169146618835,0.632205877509,307.963835857,1.30321020799
0.00150056929085,0.0408258214407,38.0279696631,0.0596941119805,0,100,4.66943361278,4,249066.0,99.8432988995,0.728520251714,0.880276870349,726.245235549,1.82551361492
0.00164649489555,0.0445746548518,38.027970557,0.0530129138838,0,100,4.8480278123,4,249066.0,359.354833263,0.704657472068,0.867808458694,695.365520064,1.48897399252
0.00259519362654,0.0883610263166,38.0279671606,0.155035944269,0,100,4.84212572565,4,249066.0,346.703210426,0.280763879126,0.922144667552,333.76322168,1.85423386201
0.00241493984953,0.0773406758487,38.0279701394,0.130883272438,0,100,4.80271515627,4,249066.0,292.864940709,0.428877567192,0.851428330425,288.484513801,1.94501605516
0.00468224294239,0.102159823173,38.0279707829,0.0447169459085,0,100,4.90747824365,4,249066.0,435.847806777,0.918586823391,0.494524180781,364.483345272,1.43970813513
0.00608051185601,0.147287073818,38.0279690592,0.151427047515,0,100,4.83420187896,4,249066.0,330.628614237,0.108106390132,0.447545832424,124.863839225,1.39829032325
0.000267074606554,0.00654325764876,38.0279668971,0.00565966116624,0,100,4.71452051539,4,249066.0,171.297418041,0.966623311745,0.973858932678,793.795733373,1.22844933717
0.00788082117915,0.184723892269,38.0279692195,1.86168619825,0,100,4.75963172289,4,249066.0,226.454047803,0.674803667222,0.125426067529,409.710280883,1.95683133686
0.00325506140389,0.079386360948,38.0279688265,0.0659529824205,0,100,4.81078254638,4,249066.0,303.662325292,0.516374337642,0.706236786601,319.714255436,1.12218050137
0.00198077899128,0.052588177171,38.0279672433,0.0440132573054,0,100,4.87035618819,4,249066.0,388.244282655,0.656594093414,0.837103004895,192.425290161,1.06653751472
0.00700278933041,0.167125964632,38.0279673936,0.0611841538797,0,100,4.82817667922,4,249066.0,323.585652085,0.667097536359,0.217316578379,598.221326875,1.3151343126
0.00697710165948,0.154071311464,38.0279681319,0.0519524582307,0,100,4.73402256733,4,249066.0,190.835813088,0.851580398727,0.243345057954,531.812578158,1.24875295608
0.00566821996084,0.140610654332,38.0279714489,0.133404223215,0,100,4.88559515024,4,249066.0,403.748415202,0.45059828783,0.401152898539,947.215554485,1.91903336931
0.00147430928689,0.0316144425034,38.0279673786,0.0103197197402,0,100,4.90916240975,4,249066.0,444.304790958,0.982460678544,0.841871871434,412.780755777,1.15556496717
0.00179349618596,0.0604625272749,38.0279673999,0.0972957275127,0,100,4.76111564799,4,249066.0,235.478550652,0.501021413334,0.959659638199,965.983551378,1.67528428744
0.00422791343334,0.109422444579,38.0279672636,0.0930548596015,0,100,4.84892090305,4,249066.0,353.876398353,0.299456243169,0.641784606135,142.938840411,1.10394920673
0.00498170103636,0.120173456015,38.0279707082,0.143027242073,0,100,4.75152641727,4,249066.0,216.78745382,0.28231800717,0.54315502789,754.57537845,1.63714286679
0.00291883782453,0.0723201333157,38.0279674621,0.0679502731533,0,100,4.67431434637,4,249066.0,105.600842973,0.678307968774,0.70066469192,618.559464018,1.68719031938
0.00526775746724,0.130602295618,38.0279690575,0.103543307752,0,100,4.94672628183,4,249066.0,485.042613885,0.424533033386,0.458221518623,84.9845758916,1.44251746346
0.00215875723495,0.045032380756,38.0279668142,0.0216390445344,0,100,4.81767774943,4,249066.0,318.047787019,0.992707369511,0.770846578022,794.297601517,1.63173529711
0.00530088189822,0.129368317812,38.0279679483,0.0909214355375,0,100,4.70692661849,4,249066.0,150.564311779,0.310918364708,0.489710427481,143.969469849,1.07587733739
0.00777288910698,0.193141227924,38.0279672958,0.0883722306864,0,100,4.7229247705,4,249066.0,171.433649552,0.177200302715,0.192527541467,169.3354293,0.858477246772
0.00316995081693,0.0779044103516,38.0279668707,0.0420464320975,0,100,4.80105275052,4,249066.0,290.667298864,0.615432344536,0.685983141401,441.340404219,0.881318061163
0.00139142285993,0.0484712415792,38.0279665713,0.0550681117607,0,100,4.88879378925,4,249066.0,415.036131642,0.623838746779,0.931983680923,741.056965273,1.2434255924
0.0046768666291,0.113908057243,38.0279676787,0.0660055796394,0,100,4.66027385994,4,249066.0,81.0269512128,0.680974962226,0.486953725815,171.806953006,1.57207878447
0.00305845085976,0.0733857285533,38.0279702618,2.75791472988,0,100,4.73741570593,4,249066.0,201.400723345,0.84813045901,0.657570043541,837.393706884,1.48938482406
0.00450774236886,0.110229140506,38.0279698458,0.038201383164,0,100,4.77397536512,4,249066.0,251.093349798,0.664350683791,0.509477361815,645.412182677,0.86773615076
0.00572291264729,0.140605664091,38.0279669226,0.122310389709,0,100,4.87447572076,4,249066.0,386.935236018,0.303400712113,0.433789576134,184.301367659,1.42318184939
0.00769011641039,0.186820193908,38.0279675587,0.0832366469395,0,100,4.80531751615,4,249066.0,290.484608601,0.505798017973,0.152124223941,506.997293833,1.26729235531
0.00384381362768,0.0845622709064,38.0279668652,2.53347189859,0,100,4.74256706636,4,249066.0,208.064487645,0.922946112573,0.583739464338,973.742898306,1.29813572235
0.00642384071528,0.158752641438,38.0279688488,0.0786267877399,0,100,4.70942525429,4,249066.0,154.066922208,0.415867153435,0.315884384251,991.338596131,1.05519521286
0.00213160249595,0.0706208958117,38.0279686966,0.112392995094,0,100,4.73434477876,4,249066.0,195.499665172,0.467977888445,0.878837656889,610.36761646,1.79548166203
0.00535904629341,0.129940694652,38.0279695445,0.0836952253536,0,100,4.69335992946,4,249066.0,129.992540636,0.261247878551,0.497788152628,778.026125823,0.926614483964
0.00164349515717,0.0559641143237,38.0279668091,0.0966065115105,0,100,4.88337654971,4,249066.0,406.988595464,0.571807853163,0.913044942381,519.418140378,1.92088152464
0.000909783889149,0.0225996496432,38.0279670725,0.0219764548533,0,100,4.82618950377,4,249066.0,330.522444284,0.903390261525,0.905573943246,257.922645037,1.80487363997
0.0024605068039,0.084745569926,38.0279715257,0.108097933751,0,100,4.8268512255,4,249066.0,326.116619168,0.320228266227,0.911513586522,840.094854961,1.3630731525
0.00064656004249,0.0158441920946,38.0279669322,0.00909753060809,0,100,4.82349435669,4,249066.0,327.574108605,0.949538109207,0.929975848332,466.994101072,1.34136912817
0.00805619338069,0.184003792306,38.0279667632,0.071015190608,0,100,4.90971150896,4,249066.0,433.442537235,0.738724020094,0.114962761677,829.041247214,1.50694136316
0.000237034159116,0.00585079505067,38.0279687241,0.0101611510996,0,100,4.94494218645,4,249066.0,495.847849659,0.978793923432,0.974708287173,658.871293877,0.933404159994
0.00256614893168,0.0752132792655,38.0279912186,0.114662443704,0,100,4.81324873664,4,249066.0,307.915604713,0.473822730066,0.815266423087,400.499333863,1.83379810149
0.00777055837559,0.193248666834,38.0279684382,0.154945754762,0,100,4.79164407863,4,249066.0,270.164231096,0.198650005728,0.187225261393,386.202930709,1.5409089197
0.00633255061246,0.142651290361,38.0279676048,0.0593895392059,0,100,4.71679531553,4,249066.0,166.434903218,0.823860680528,0.308007021714,557.229655436,1.59115466696
0.00323097120872,0.0788854792466,38.0279729954,0.0583510140124,0,100,4.92767376786,4,249066.0,464.677077945,0.767185137316,0.647321893643,106.30088404,1.91797141363
0.00565330945634,0.138821473326,38.027967956,0.100240249468,0,100,4.80535883536,4,249066.0,291.261532651,0.14924341232,0.493219534663,127.355130246,0.972919107758
0.0079430423748,0.172929650114,38.0279672468,0.0629929381764,0,100,4.78267746467,4,249066.0,258.804991587,0.867366641149,0.143201274993,187.529630099,1.31944094695
0.00233859018944,0.0540637900499,38.0279678552,0.0190164974341,0,100,4.82214087457,4,249066.0,322.445577182,0.914564875565,0.741870240374,280.097111656,1.40012346353
0.00287171624187,0.0972247192247,38.0279687674,0.120701439791,0,100,4.69662894107,4,249066.0,136.665754253,0.202956500387,0.922125298112,645.06777397,1.30325262029
0.00734796154222,0.170818969612,27.029794397,0.0771889517194,0,100,4.77984897907,3,235066.0,335.730414669,0.717631663465,0.187199259295,917.619184701,1.81476516604
0.00722513427719,0.176108854861,27.0297973136,0.0729619405171,0,100,4.69017977601,3,235066.0,204.74274482,0.498372342653,0.20865493567,196.634780078,1.1078302906
0.00552312151332,0.136235452344,27.0297959567,0.0704062010413,0,100,4.69890424558,3,235066.0,220.253650317,0.513989267116,0.409526370364,949.504098348,1.13013807551
0.00684042989368,0.168540131929,27.0297952031,0.107262891755,0,100,4.65214039271,3,235066.0,149.351842199,0.191891434991,0.315331029751,162.031325934,1.07272840898
0.00274799255661,0.0672681647095,27.0297978547,0.0609487167729,0,100,4.86276410074,3,235066.0,464.425548353,0.653365757981,0.732070482562,807.211695087,1.41983218743
0.00516717097207,0.123704090971,27.0297951196,0.0585841106343,0,100,4.5972005327,3,235066.0,74.7656583793,0.748661311845,0.421758876559,843.402583972,1.66822745882
0.00347430788922,0.096197887876,27.0297964797,0.989887851288,0,100,4.69653671525,3,235066.0,217.80699273,0.352257748322,0.728992967686,677.818023098,1.12645328938
0.00617879487559,0.150062706765,27.0297952298,0.100635474911,0,100,4.59899524942,3,235066.0,75.1160199909,0.605557707961,0.318385790934,335.607427805,1.91951772679
0.00269336043416,0.0621166682231,27.0297959649,0.0158559276762,0,100,4.73928798151,3,235066.0,281.936656242,0.903794866058,0.703000167502,79.2783046095,1.01212035103
0.000420049317306,0.0100240507847,27.029796962,0.0048261605165,0,100,4.82291543916,3,235066.0,408.437277772,0.980009819398,0.953053296347,81.0754784241,1.71478533464
0.0050781515639,0.110919711143,27.0297951975,0.0500079946718,0,100,4.61607332178,3,235066.0,102.46474252,0.909944068526,0.45154402217,473.851395943,1.64153404303
0.00150067520971,0.0321303054224,27.0297969969,0.0164436894175,0,100,4.76796091832,3,235066.0,328.33093999,0.982891883567,0.839138930095,502.590991269,1.80752910573
0.00371952048804,0.0928207435942,27.0297959829,0.122727617153,0,100,4.7848727469,3,235066.0,344.620160765,0.423208297514,0.672144795543,50.4264819369,1.75984423572
0.00470912065123,0.108393386353,27.0297960262,0.0372050354958,0,100,4.77732002058,3,235066.0,335.115833587,0.834894458783,0.481101098312,401.9114289,1.35695514887
0.000447465017631,0.00927160257423,27.0297951521,0.0053264779555,0,100,4.7562357269,3,235066.0,313.459758248,0.999388000345,0.952621129318,617.86166832,1.80818641401
0.00500167578483,0.122737204589,27.0297946795,0.117956680908,0,100,4.85830187725,3,235066.0,450.601989666,0.384090466968,0.507493024332,322.547901396,1.55266263673
0.0013622480958,0.0478499559392,27.029795003,0.0763543697172,0,100,4.76071249655,3,235066.0,315.988505616,0.617184296279,0.995775077796,756.27522226,1.72270133799
0.0053087825117,0.137726720004,27.0297955871,0.209412981226,0,100,4.64521193987,3,235066.0,140.57905222,0.11655272821,0.551519380986,421.971617044,1.97053041874
0.00486770000402,0.108468781423,27.0297957444,0.0353320531856,0,100,4.63227934944,3,235066.0,124.903823532,0.882003054413,0.470290805652,112.459960116,1.22328992929
0.000693713549145,0.016986632046,27.0297960152,0.0109071366378,0,100,4.69812020299,3,235066.0,225.32256701,0.912728781665,0.932293291438,73.4400088901,1.01090652666
0.0056630716423,0.136674106304,27.0297966886,2.1542882701,0,100,4.74319624371,3,235066.0,284.829223079,0.693340307902,0.367555127594,904.043939079,1.42259324263
0.00308979507008,0.0892528732908,27.0297946819,0.0809739710258,0,100,4.6518917573,3,235066.0,153.914489686,0.381478643678,0.772712106332,813.37274531,1.09815603079
0.00113023296895,0.0278288127011,27.0297950897,0.0114412282117,0,100,4.6997433856,3,235066.0,227.682477546,0.90343596638,0.878770426738,230.293241688,0.913240466502
0.00264656560498,0.0917751873127,27.0297991376,0.0738173886133,0,100,4.86644733699,3,235066.0,466.025715022,0.258636185245,0.975540480169,768.31801135,0.86062513783
0.00705268889011,0.166987182492,27.0297975024,0.0536003225798,0,100,4.66329907592,3,235066.0,168.032628937,0.684333628338,0.214215114339,990.224132215,1.19688282527
0.00262956948799,0.0657730555208,27.0297953229,0.0489249661416,0,100,4.65924523799,3,235066.0,165.345500719,0.590435313652,0.768801689212,58.4086016119,0.98787652436
0.00220929187958,0.0540187356134,27.0297953097,0.0528738616187,0,100,4.6787815771,3,235066.0,195.237284795,0.718200946891,0.785607495939,146.747660281,1.52507632132
0.00538721355116,0.116346803671,27.0297950123,0.0360959708623,0,100,4.74552943811,3,235066.0,288.220893359,0.923912694585,0.420639224232,429.513538644,1.10427244084
0.00418783842024,0.101094352872,27.0297975333,0.129742696309,0,100,4.71902094792,3,235066.0,249.879163397,0.400160917246,0.614827422898,447.809364839,1.77620345481
0.0074483743605,0.158589579378,27.0297949604,0.0511270656996,0,100,4.82059147405,3,235066.0,394.470902696,0.928006956628,0.203264022843,884.12355471,1.02277844094
0.00231340634541,0.0564024458298,27.0297984289,1.89448060661,0,100,4.81181802688,3,235066.0,478.637755302,0.696802179083,0.778131030557,899.381361602,1.05475555218
0.00729023071183,0.179562266101,27.0297950649,0.125068984067,0,100,4.78994173831,3,235066.0,347.648243445,0.375183625134,0.218259671898,445.269008069,1.56408404421
0.00306077644277,0.103063076719,27.0297952761,0.118771608289,0,100,4.73657667773,3,235066.0,274.194701221,0.148712385123,0.929615938941,152.659790581,1.20319124018
0.00567840705342,0.139348903334,27.0297955957,0.0556733944125,0,100,4.84516339733,3,235066.0,431.566484847,0.545826358176,0.386512016779,946.143316948,0.944216012835
0.00548265190613,0.133303154091,27.0297949462,0.0813372960857,0,100,4.67771018432,3,235066.0,187.878191536,0.262654445228,0.480233665384,203.033994916,0.901654774768
0.00166478590944,0.0528077459017,27.0297973276,0.0492947513394,0,100,4.82257579459,3,235066.0,405.420700281,0.612280596043,0.89548057264,934.077176429,1.06876116274
0.00322472300849,0.0818766533994,27.0298008122,0.0945474848372,0,100,4.82492627422,3,235066.0,405.851833423,0.483816519521,0.72096975813,868.509972518,1.51327569079
0.00718547291241,0.177151591314,27.0297947683,0.0906300492893,0,100,4.73224472074,3,235066.0,263.65207708,0.156839432715,0.278982576253,222.4049255,0.867926260475
0.00315378139412,0.107415863954,27.0297947295,0.11242121683,0,100,4.78932966687,3,235066.0,350.39775912,0.120425860261,0.944214078109,414.978829886,1.10384654262
0.00325369856662,0.113503090691,27.0297949283,0.175089775208,0,100,4.67163859375,3,235066.0,180.271493195,0.111543352545,0.851211766799,545.568191089,1.68669150799
0.00235907425743,0.0685226310292,27.029797963,0.0815421286437,0,100,4.85260927979,3,235066.0,448.531991433,0.523416925064,0.827872664541,860.171454736,1.43406139444
0.00433560463822,0.109362276281,27.0297945195,0.0683083271672,0,100,4.87449007954,3,235066.0,474.684350541,0.314255350858,0.622164308597,224.146501048,0.824510692747
0.00121241093887,0.0408447628326,27.0297988331,0.049099184278,0,100,4.59989999425,3,235066.0,81.9037955024,0.662739846747,0.972371893334,653.293457405,1.24684055723
0.00176295487371,0.0608081360246,27.0297963158,0.0587430211093,0,100,4.66672723676,3,235066.0,177.077089657,0.513509058966,0.934756567889,332.413868549,1.03435407542
0.00519948865846,0.116491179338,27.0297951778,0.0315848044445,0,100,4.79470906966,3,235066.0,360.200052482,0.864727972214,0.433011579514,762.483101586,1.01250239384
0.00804241057146,0.174472902468,27.0298119584,0.0403862177066,0,100,4.63799756942,3,235066.0,129.724658302,0.874892304184,0.13362422928,328.026606518,0.834051783669
0.00340685723159,0.0826817488267,27.0297962147,0.0413239680717,0,100,4.66366553571,3,235066.0,173.736348629,0.786182907851,0.623655593416,829.051111905,1.43457520716
0.00574452901737,0.141351937081,27.0297962235,0.14583356339,0,100,4.74228397161,3,235066.0,280.715438682,0.312125168493,0.428032902934,368.956910321,1.71461845627
0.00813464758797,0.169028581662,27.0297959757,0.0591731839555,0,100,4.61546252112,3,235066.0,97.8574527839,0.982228798215,0.13774281452,638.703772478,1.17078432128
0.00388731930747,0.0957387333845,27.0297990696,0.0694290764902,0,100,4.87772994037,3,235066.0,484.343346534,0.667359214235,0.583078879384,551.394816622,1.62541874595
0.00280115429595,0.092519010708,27.0297977405,0.075228833779,0,100,4.79048916405,3,235066.0,353.585610434,0.304233978517,0.839580321955,666.939692324,0.918569581606
0.00293533417728,0.0987663161176,27.0297946013,0.169298524119,0,100,4.84517802146,3,235066.0,433.434709618,0.183708040946,0.931438280909,927.757330781,1.78712609211
0.00305958008505,0.107065082021,27.0297961848,0.144757262957,0,100,4.62240841274,3,235066.0,109.384850424,0.141101575074,0.985119138756,105.663562542,1.46190303175
0.00417694794691,0.124701662054,27.0297948946,0.186348544783,0,100,4.81869721951,3,235066.0,391.676235615,0.117428774616,0.707749964559,712.154813282,1.78154920752
0.0057621381012,0.139901068526,27.0297958182,0.0948894012859,0,100,4.59243963826,3,235066.0,63.4910370732,0.151095743598,0.4776618207,335.538859438,0.920609580412
0.00677709874245,0.150709935031,27.0297948895,0.0662811135634,0,100,4.62926101846,3,235066.0,120.067729972,0.840289175783,0.263072904328,843.783385686,1.6465955402
0.00581536747108,0.129156511952,27.0297952374,0.0339044523025,0,100,4.67027578477,3,235066.0,179.306270042,0.865406575975,0.367958247127,455.283950036,0.981277245035
0.00121410470438,0.0420065527808,27.0297950234,0.0728826924056,0,100,4.74672830527,3,235066.0,295.961863355,0.660082122864,0.987468161436,631.256525299,1.84828254211
0.00274803854682,0.0675140239369,27.0297997215,0.0335913769989,0,100,4.71443702556,3,235066.0,246.362352285,0.665759569349,0.728063732816,648.443406956,0.806081071527
0.00596975533363,0.147389409147,27.0297946396,0.163832503583,0,100,4.8814182256,3,235066.0,482.318837441,0.310866035646,0.397376165388,100.127266044,1.91670767038
0.00297002514295,0.0719659714648,27.0297947993,0.0873582387445,0,100,4.75310899259,3,235066.0,302.279810145,0.588223564558,0.722433557284,675.338965539,1.73309646657
0.00688238925668,0.150488565457,27.0297959819,0.073500811179,0,100,4.64451389187,3,235066.0,141.530856743,0.875527165263,0.256399743418,468.327180599,1.78133206963
0.00724549811921,0.18016731367,27.0297988939,0.0743807217231,0,100,4.66760538012,3,235066.0,171.587004514,0.268438345687,0.238810088153,420.342143167,0.807911818032
0.00429729514732,0.113572352126,27.0297947289,0.0742511093863,0,100,4.85486057018,3,235066.0,445.352075254,0.260920755418,0.644715825439,332.226549875,0.836442704461
0.00125471486959,0.0266628759915,27.0297955502,0.00996924559102,0,100,4.61796203363,3,235066.0,109.961868088,0.988626087941,0.865885160786,438.782270154,1.30542098648
0.00635984175236,0.133731889465,27.029795162,0.0371010931288,0,100,4.66070877064,3,235066.0,165.109525513,0.963004514955,0.322878835997,602.083036363,0.857685338129
0.00748280807635,0.17962837388,27.0297955696,0.101824636097,0,100,4.61602753088,3,235066.0,99.2118799696,0.626921226718,0.162165002611,792.26345196,1.97061542427
0.00158949793099,0.0466217477998,27.0297956745,0.0366011151725,0,100,4.62013073661,3,235066.0,110.539620503,0.67369282465,0.885694574952,273.992563456,0.941448544423
0.00695844764806,0.172514492398,27.0298123611,0.13634974845,0,100,4.63952343346,3,235066.0,132.116476417,0.332198919898,0.263898936532,549.590421054,1.61454540867
0.0039228318191,0.0811437778424,27.0297963135,0.0475474405456,0,100,4.70323885643,3,235066.0,231.424134134,0.996834768076,0.584885642943,733.218132045,1.96135026559
0.00420514088523,0.124380199101,27.0297986702,0.168174599826,0,100,4.68111370576,3,235066.0,193.334654663,0.124826749477,0.701457828928,905.192592529,1.61967399311
0.00783226111988,0.193541702163,27.0297963019,0.185020543302,0,100,4.6717464787,3,235066.0,176.24840593,0.105706045773,0.206321341164,165.131874831,1.66664032783
0.00417418171167,0.119028472438,27.029796967,0.158935248512,0,100,4.75955710389,3,235066.0,306.203890553,0.182085006071,0.687239972219,173.793970284,1.63272653199
0.00496761207947,0.125005307404,27.0297972905,0.0852122123413,0,100,4.80955819976,3,235066.0,377.897885542,0.217719649445,0.565994515604,443.399410753,0.901257690867
0.00603006702617,0.14986652712,27.0297974673,0.0819012844931,0,100,4.63508739468,3,235066.0,126.73374579,0.364317165168,0.372841860328,831.356079826,1.02643357773
0.00343249368885,0.0843204855475,27.0297947348,0.0577334656359,0,100,4.71672867777,3,235066.0,248.156168464,0.581844413673,0.660540424977,435.527508221,1.11521436346
0.00695960015516,0.168051993472,27.02979723,0.049210499756,0,100,4.62928780805,3,235066.0,118.346187211,0.617673272236,0.223523446638,819.225322891,0.940185254333
0.00568509710098,0.131790707927,27.0297966487,0.0298713679208,0,100,4.8565582739,3,235066.0,449.699829083,0.787004020163,0.371829444882,868.571183116,0.906188793642
0.00611738517105,0.148267944602,27.0297946418,0.0810533748141,0,100,4.81096631265,3,235066.0,382.040983219,0.628574078061,0.322467302642,900.570970528,1.62335283328
0.00140759308204,0.0426871565881,27.0297947369,0.0698024354535,0,100,4.80071669468,3,235066.0,374.658350543,0.694958012238,0.90397842168,548.881642239,1.92577211758
0.00437187394588,0.104610902009,27.029795122,0.0461527169226,0,100,4.62720879558,3,235066.0,119.880118296,0.788101815505,0.51085483891,993.970924754,1.55007526699
0.00622367736325,0.151827935308,27.0297954686,0.0957523779944,0,100,4.78170370863,3,235066.0,337.985628923,0.559828216042,0.319483059196,336.717057991,1.66015371645
0.00470015600092,0.115880930107,27.0297957858,0.0850781239727,0,100,4.77644664677,3,235066.0,331.912506307,0.44856068872,0.528336340015,406.773275727,1.24397697866
0.00718062999541,0.177787903736,27.0298002704,0.104753494468,0,100,4.66550733728,3,235066.0,169.287098944,0.325711551917,0.238303797912,844.625641868,1.2245019548
0.00106617650126,0.0370891401058,27.0297973601,0.0401425002075,0,100,4.80912091866,3,235066.0,387.141682765,0.701102277545,0.991752069803,622.237057398,1.15383120328
0.00566333399059,0.136918336171,27.0297962694,0.0430240613809,0,100,4.82208813662,3,235066.0,398.350175235,0.678102674723,0.369659879438,765.278381509,0.980242577159
0.0048883657133,0.119980678075,27.0297959629,0.0909870250636,0,100,4.63368127958,3,235066.0,127.502779981,0.607857240186,0.472027687519,614.074538629,1.79534131973
0.00694041572807,0.172591350663,27.0297957431,0.171565150774,0,100,4.63545589737,3,235066.0,125.610895458,0.29211152043,0.272382487407,90.5008336769,1.92978944438
0.00393582682147,0.0978225965805,27.0297967435,0.0466383015047,0,100,4.7241168599,3,235066.0,257.593758774,0.606752909862,0.585831466357,101.974071086,0.942120840387
0.00208662721967,0.060234675887,27.0297949809,0.0889292841728,0,100,4.794963794,3,235066.0,364.461607645,0.582752100192,0.846358603081,739.435338184,1.78631004212
0.00353585135715,0.0772104729692,27.0297952864,0.0360752313213,0,100,4.88141922563,3,235066.0,491.313713761,0.937580608988,0.618164583987,310.67021531,1.70049896751
0.0081850628072,0.203003454822,27.0297952714,0.191149585913,0,100,4.76357903045,3,235066.0,307.485358218,0.209548404011,0.134829966425,198.626754532,1.91542239764
0.00691964810807,0.169760747834,27.029796292,0.0649638774998,0,100,4.87088352004,3,235066.0,465.876850926,0.449810795676,0.251950123969,319.392238702,0.914090103095
0.00764612994239,0.157791612407,27.029796704,0.0892656470578,0,100,4.60534045259,3,235066.0,84.6754639939,0.999178881907,0.191584182704,835.496970316,1.84658318701
0.0030182814795,0.101949963153,27.0297948327,0.179610718572,0,100,4.8871246116,3,235066.0,495.123284088,0.161691606743,0.921816484557,264.270773497,1.84609236144
0.00144723878464,0.0417825363915,27.0298030671,0.0636686162796,0,100,4.64963225736,3,235066.0,155.73178854,0.710547954675,0.89345710697,987.949967726,1.83441216765
0.00792406589177,0.192060220154,27.0297957274,0.103195087531,0,100,4.5991691404,3,235066.0,73.5206583319,0.51898034994,0.122359153811,740.667371566,1.60011684373
0.00675322481106,0.141941073995,27.0297989709,1.79100073239,0,100,4.61167523911,3,235066.0,94.3018932718,0.961639189137,0.281119851271,858.007578362,1.20013121874
0.0028120846699,0.0809844333817,27.0297976781,0.0691167336379,0,100,4.69647415953,3,235066.0,218.892860041,0.439894709635,0.792228226793,689.792183814,1.03433723793
0.0038627599848,0.11434504311,27.0297968963,0.114475976936,0,100,4.71051140835,3,235066.0,236.375182123,0.19502885781,0.726111041636,824.280240257,1.19801513658
0.00338557340708,0.0832893339365,16.0316226151,0.0880814856881,0,100,4.76200029295,2,209066.0,447.754337717,0.593721663073,0.663188766567,320.850582629,1.75187309748
0.00696141503266,0.16833823415,16.0316232407,0.0481646332039,0,100,4.51812880757,2,209066.0,67.3532475878,0.601900729369,0.225525989392,853.39205235,0.889159203782
0.0075279258764,0.165686250522,16.0316232974,0.0584259950807,0,100,4.50750002034,2,209066.0,53.1583566647,0.847930379356,0.184634783169,501.235359677,1.29920379289
0.00770596353561,0.162458414401,16.0316245192,0.0674252080968,0,100,4.78517408811,2,209066.0,486.724918899,0.949044058949,0.178766703419,733.542412031,1.3908407968
0.0054792030176,0.135108501545,16.0316236068,0.148403029771,0,100,4.50793056143,2,209066.0,52.6806422057,0.358361065831,0.449786643443,135.828956986,1.86711820618
0.00746277712205,0.170329851782,16.0316247206,0.0513065177758,0,100,4.70347504711,2,209066.0,343.12378497,0.759740490754,0.180376133733,686.065128935,1.16857071506
0.00751733863263,0.186711254175,16.0316239686,0.179305393113,0,100,4.61728157389,2,209066.0,205.60411072,0.19898406929,0.220657736896,806.867503872,1.78935113848
0.00416274930173,0.124061623856,16.0316240577,0.131165449183,0,100,4.67133429616,2,209066.0,290.101866278,0.122920000797,0.707937761372,734.060651887,1.26135355385
0.00464263953236,0.125360287928,16.0316224367,0.0831834530287,0,100,4.7794405799,2,209066.0,470.172854603,0.170988422978,0.626039190289,346.376230254,0.837817347409
0.00266564358344,0.0868588758454,16.0316227876,0.100721802724,0,100,4.60618513057,2,209066.0,194.968342667,0.351959659069,0.842288505237,397.523685291,1.32041225552
0.00433796324189,0.105079209164,16.0316228387,0.0641631269009,0,100,4.66709790266,2,209066.0,291.456996336,0.740498017836,0.518998401259,645.048834429,1.83452208354
0.000441843750605,0.0142317587988,16.0316232422,0.0178083042936,0,100,4.68585544915,2,209066.0,327.929419669,0.894538768075,0.973161503311,471.211423534,1.40751790547
0.00452283084978,0.109483165944,16.0316236802,0.0467748006272,0,100,4.65212988166,2,209066.0,264.71715826,0.734507759143,0.497776874599,275.621631195,1.30685487877
0.00617025101787,0.150272927722,16.0316233373,0.106760849103,0,100,4.70098144707,2,209066.0,335.552923106,0.182909674276,0.410943539367,915.31483269,1.06573788621
0.00416622521163,0.103447133512,16.0316232292,0.100573372796,0,100,4.64387456055,2,209066.0,250.979478892,0.590112545648,0.560693745505,92.8477650518,1.94607903716
0.00236951330138,0.0662293781611,16.0316226527,1.42032143271,0,100,4.51599737493,2,209066.0,68.268538561,0.551095808382,0.817474208673,437.141997966,0.947445687219
0.0042144939751,0.10218831313,16.0316239263,0.065898591764,0,100,4.59137599422,2,209066.0,172.364240634,0.380681144905,0.617450344825,923.139709916,0.872762807203
0.00579472071936,0.142496292628,16.0316301904,0.0776741905206,0,100,4.53554521615,2,209066.0,90.1144560201,0.301542805541,0.424513478116,291.173259775,0.899715742919
0.000939414829695,0.0270325172294,16.0316230185,0.032469295979,0,100,4.56443850489,2,209066.0,141.324976297,0.813136030008,0.930506765764,475.762418779,1.44763279018
0.00606904641569,0.139647216728,16.0316239955,0.0410419645109,0,100,4.71567456542,2,209066.0,366.581787882,0.788005377063,0.331349103219,866.662456814,1.15915305549
0.00630610974259,0.139285397089,16.0316229317,0.0451762597346,0,100,4.6009881644,2,209066.0,186.732150345,0.86539042673,0.316056242805,427.013860868,1.2015547784
0.00474416788772,0.116842370471,16.0316269544,0.0983342330414,0,100,4.52822993473,2,209066.0,85.4776665159,0.594048273781,0.491178374814,890.430707524,1.88624003111
0.00147141722794,0.0358035137854,16.0316237688,0.0385525757448,0,100,4.74245556198,2,209066.0,422.189812436,0.803610256244,0.860028182738,615.963862326,1.58774469552
0.00681876080083,0.167060071883,16.0316228445,0.100627932279,0,100,4.70448177492,2,209066.0,339.574001193,0.146979887615,0.332881461955,878.501069036,0.957553917512
0.00607238287201,0.14825115025,16.031622931,0.0810595463519,0,100,4.58601746103,2,209066.0,165.0205823,0.562980105151,0.337084349607,859.00022118,1.41399429379
0.00245409023771,0.0609643059743,16.0316241605,0.0262475702622,0,100,4.67065181089,2,209066.0,298.745980704,0.756614514418,0.741502148326,904.737308098,0.83854637258
0.00602455949176,0.142070072277,16.0316233849,0.0497438727443,0,100,4.55905591045,2,209066.0,127.000140808,0.738796773589,0.329832758875,663.748024021,1.33791336906
0.00792195915707,0.192584490473,16.0316235597,0.13270736245,0,100,4.78297462104,2,209066.0,476.085100666,0.482606412959,0.127727574269,551.472130973,1.93616618893
0.00432167561896,0.10742000782,16.0316280224,0.0499870326202,0,100,4.51306181435,2,209066.0,62.6088169202,0.54533411166,0.550257359704,696.867297113,0.872963566827
0.00409038483133,0.0932067698374,16.0316249304,0.0461894094514,0,100,4.58114272716,2,209066.0,163.121992322,0.870567056124,0.551043207865,586.198809647,1.89191837345
0.00710091932004,0.162808022545,16.0316236968,0.0679082411923,0,100,4.6018239529,2,209066.0,186.21725917,0.760528627835,0.218740465664,274.015867748,1.63117905113
0.00575530972606,0.138404812195,16.031622368,0.0700869194601,0,100,4.77031818314,2,209066.0,461.845038104,0.707806773549,0.3554810756,717.556912426,1.7335526668
0.00139808298722,0.0476534945879,16.0316229917,0.0848418577934,0,100,4.71940880578,2,209066.0,382.012199888,0.635197739951,0.926231373261,894.812829035,1.97439938637
0.00602428686951,0.145262211398,16.0316232417,0.188028513075,0,100,4.68261937244,2,209066.0,306.075215702,0.124009736924,0.450172139507,785.889570676,1.76596404386
0.00390436978983,0.0946586789986,16.0316230794,0.0519076064087,0,100,4.68239147344,2,209066.0,317.314471831,0.761291087699,0.567800967117,832.028250541,1.61257377212
0.00676344464205,0.168131152299,16.0316239529,0.148103893533,0,100,4.56130116523,2,209066.0,125.426853405,0.29005639133,0.295689095823,216.737362116,1.66555333401
0.00145434695426,0.0493237791545,16.0316236149,0.0679427544786,0,100,4.77999527187,2,209066.0,487.126441166,0.596538696711,0.959266494962,795.052545444,1.44197784664
0.000735007005881,0.020421612376,16.031623408,0.0190059637345,0,100,4.53047589646,2,209066.0,91.8622938518,0.862157107363,0.942919306094,207.931216289,1.14704423589
0.00195579336998,0.0676496900749,16.0316231378,0.106995619116,0,100,4.6826561482,2,209066.0,314.146556619,0.452494532231,0.979564358179,206.00303792,1.69100781204
0.00180079984994,0.0434242479204,16.0316229154,0.0230862863186,0,100,4.71188272806,2,209066.0,367.841057794,0.904337556103,0.798663601328,317.403245438,1.75001047715
0.00642914015681,0.15521248194,16.0316232192,0.0468898309706,0,100,4.75697662792,2,209066.0,432.45253011,0.648747016805,0.282434627128,488.334515063,0.97703276352
0.00827281125333,0.178045901418,16.031623001,0.0535301205007,0,100,4.77013637262,2,209066.0,454.891059548,0.892241728419,0.111483721486,590.615637792,1.06670643524
0.00301416435249,0.0718420616904,16.0316240413,0.0248165373675,0,100,4.69660182572,2,209066.0,337.723841057,0.858058149575,0.663285301206,206.922627166,1.24856486981
0.00413695013848,0.0977823560562,16.0316251834,0.0269902056461,0,100,4.77567278727,2,209066.0,471.183608342,0.81730561027,0.539390635421,293.61565519,1.04210381588
0.00698326341906,0.169382944731,16.0316235579,0.113465697549,0,100,4.59216669427,2,209066.0,173.012387278,0.568070319504,0.227680272981,665.27951697,1.96539569349
0.00540527226731,0.136891184538,16.0316225878,0.085249943103,0,100,4.70965210473,2,209066.0,349.349328243,0.138789563306,0.530984458321,259.559549575,0.820200479694
0.0033692722413,0.0914519771533,16.0316227969,0.102328956017,0,100,4.67609103095,2,209066.0,300.725033579,0.392921392278,0.730356859768,203.414982432,1.40832245373
0.00449770712687,0.118408699277,16.0316227862,0.180257091393,0,100,4.73963596553,2,209066.0,401.855851641,0.2317146489,0.626432351266,211.379784499,1.95418498936
0.00215179700228,0.0593172906152,16.0316229395,0.0858960909127,0,100,4.51988304675,2,209066.0,75.1996910914,0.601838238465,0.831173219411,449.117860413,1.80198391741
0.00320263276435,0.102003037827,16.0316227177,0.124036837569,0,100,4.63302802308,2,209066.0,233.847398844,0.249260331495,0.800629735813,666.151735536,1.40093436179
0.0053394513612,0.129960782986,16.0316235853,0.155188496316,0,100,4.58890949052,2,209066.0,166.455890339,0.288992619862,0.491533685329,160.401366565,1.78304293975
0.00492050008123,0.124665081548,16.0316238218,0.156154354017,0,100,4.56980833705,2,209066.0,139.59572237,0.215455376167,0.573239415563,997.237949391,1.64800465074
0.00415676150033,0.104386375235,16.0316233216,0.128503937145,0,100,4.55622607007,2,209066.0,122.396767378,0.347885728973,0.636029029432,915.931821846,1.6282229781
0.0066214987829,0.149417029788,16.0316224564,0.0764979106974,0,100,4.77968199328,2,209066.0,470.837094531,0.812013838385,0.275966610127,62.5967435936,1.96134229593
0.0069337020913,0.150116625336,16.0316231915,0.0675633503677,0,100,4.62793872407,2,209066.0,227.794010043,0.896613113736,0.253635041316,609.989383861,1.60421826628
0.00452780249096,0.111053919002,16.031622581,0.0790768116896,0,100,4.56960763784,2,209066.0,141.388224611,0.439680340265,0.55505190378,758.360140601,1.1417585644
0.00607552954662,0.150732342343,16.0316233975,0.148114849898,0,100,4.55906411949,2,209066.0,124.388390841,0.410116815786,0.358258859994,393.175131329,1.98824540714
0.00199338623729,0.0484118342879,16.0316226653,0.0563064523562,0,100,4.7083470706,2,209066.0,362.655463376,0.729221280181,0.811900986355,764.158759354,1.68851731266
0.00644178672611,0.159658739147,16.0316238428,0.121249561107,0,100,4.72536476801,2,209066.0,376.746803766,0.293319121544,0.338382219348,922.319426781,1.37415130102
0.00737781056071,0.161708576692,16.0316224691,0.0630961830862,0,100,4.72569991167,2,209066.0,380.156755456,0.860914748362,0.202150390496,462.938084782,1.41115421796
0.00680457204809,0.169208338622,16.0316232805,0.112947259653,0,100,4.78365767713,2,209066.0,476.393037151,0.289960668796,0.29019778837,754.093399071,1.26773247026
0.00517107709398,0.127717882301,16.0316243105,0.0840372935834,0,100,4.70026169946,2,209066.0,335.473550659,0.213307362807,0.539283783071,522.09829267,0.881409807473
0.00450216979987,0.122188195937,16.0316229179,0.151967134172,0,100,4.61829251979,2,209066.0,209.295436987,0.188967431106,0.639654652896,132.130561439,1.56610231187
0.00214388862757,0.0739592519283,16.0316234031,0.117380399497,0,100,4.67131516474,2,209066.0,296.647959332,0.408516768669,0.920338982177,592.885584885,1.70101391506
0.00369116724919,0.0905193157374,16.0316228872,0.0587192319578,0,100,4.55331178923,2,209066.0,118.795682134,0.542481505173,0.637495471466,265.234920371,1.03995962358
0.00490226153037,0.124042024234,16.0316225093,0.0904922549126,0,100,4.77942568694,2,209066.0,470.225097639,0.220181312567,0.574234071538,234.857223721,0.961289370097
0.00260584456999,0.0641602304179,16.0316234853,0.0744069342358,0,100,4.6803113355,2,209066.0,309.976220964,0.690028070192,0.73987295771,51.3488424275,1.94048322841
0.00202338308256,0.0494849909691,16.0316256714,0.023564514485,0,100,4.63522240548,2,209066.0,245.858014462,0.8488400774,0.779896069664,751.998663699,1.17376496283
0.00311921025238,0.0761317403904,16.0316230159,0.107297536233,0,100,4.62209224054,2,209066.0,221.236297391,0.535889317228,0.718722504469,513.074842451,1.90242199519
0.00662879871162,0.14739382038,16.0316243466,0.0508277166809,0,100,4.77746380428,2,209066.0,474.239247624,0.844043290063,0.27923588321,900.341351563,1.23746113868
0.00375366498701,0.0929648653991,16.0316235327,0.0596168754932,0,100,4.53725616193,2,209066.0,96.4182697159,0.645893855382,0.602055444384,134.389396291,1.32916718564
0.00839022253533,0.208166454915,16.0316252822,0.124305459097,0,100,4.55425988039,2,209066.0,113.639928705,0.184814026502,0.113844139762,950.757285111,1.20717213913
0.00602581985269,0.134553442231,16.031623036,0.0685736477803,0,100,4.74974635128,2,209066.0,426.255562832,0.849873167199,0.343743565373,582.294215354,1.91080054395
0.00577647688215,0.142155753561,16.031623322,0.113065841327,0,100,4.64199677163,2,209066.0,248.680086812,0.512774850567,0.379469337269,914.582490831,1.80595729834
0.00295938830795,0.102556830441,16.0316232753,0.184660726798,0,100,4.68708603708,2,209066.0,317.050882381,0.186869527364,0.879797660336,275.577036055,1.94725159241
0.0036437271662,0.11274073145,16.0316225665,0.158652300324,0,100,4.75264458044,2,209066.0,424.891822198,0.184507683711,0.759976685895,307.389208041,1.64689867978
0.00384254980181,0.0939614899203,16.0316244077,0.0728900825234,0,100,4.51724218931,2,209066.0,69.2529167775,0.510181680411,0.627010048082,830.148481129,1.20559853247
0.00327015461996,0.0706979908036,16.0316346352,0.0176767672495,0,100,4.52846216362,2,209066.0,86.2624516018,0.952734976303,0.648179111421,255.407489377,0.896121935747
0.00679603444031,0.168668007397,16.0316230094,0.165533279602,0,100,4.60750849215,2,209066.0,192.44537736,0.336218962438,0.282710221359,253.141840514,1.97673167479
0.00131703874746,0.0457941455552,16.0316236538,0.0481762457382,0,100,4.56949630816,2,209066.0,146.769243275,0.639236541807,0.943143462119,801.440945089,1.13445553008
0.00182705016293,0.0628706563886,16.0316243528,0.0895958644412,0,100,4.67718461472,2,209066.0,308.446972579,0.51619120625,0.906137591215,875.396218557,1.57534415564
0.0043505000016,0.106916161269,16.0316239688,0.134568665316,0,100,4.62731829346,2,209066.0,224.803441777,0.344275770039,0.610406099314,301.528299787,1.69290316679
0.0031674073868,0.0964223502669,16.0316239947,0.143417324901,0,100,4.57418753867,2,209066.0,148.537669059,0.309402498103,0.785281706028,891.840103827,1.75320974931
0.00463015155877,0.119107560316,16.0316235545,0.124902328918,0,100,4.56618235617,2,209066.0,134.049167287,0.241088380041,0.605093222345,256.51734462,1.3664218674
0.00351551786905,0.0755364007391,16.0316228999,0.0240610748222,0,100,4.70119498236,2,209066.0,343.742798491,0.955993326413,0.622664435777,132.718036326,1.13108536546
0.00372158015184,0.0878956196097,16.0316227912,0.0374136276571,0,100,4.78903324064,2,209066.0,498.991896285,0.836646287548,0.585761496746,307.387234588,1.61673097699
0.00195324819428,0.0417275776713,16.0316234066,0.016919020525,0,100,4.69777191733,2,209066.0,345.343063503,0.979090179423,0.790802582958,452.910931125,1.4273553142
0.00500165077295,0.121467744999,16.0316253227,0.0779921118679,0,100,4.56360000358,2,209066.0,131.123181071,0.320308757181,0.528118670925,935.494853302,0.936300366688
0.00285270642024,0.099537204539,16.0316228316,0.122053813618,0,100,4.70201508675,2,209066.0,341.94102138,0.221214506241,0.869048471808,768.643280671,1.34012445951
0.0038622524321,0.0960559147161,16.0316232486,0.0593281509369,0,100,4.74052742384,2,209066.0,409.658319934,0.599125113666,0.596573568955,580.193762047,1.17513244938
0.00786204910904,0.190837890339,16.0316250111,0.0943432184759,0,100,4.67839987307,2,209066.0,300.423536996,0.504939679524,0.131734376184,630.336172804,1.42948043559
0.000575710582707,0.0193637646378,16.0316229524,0.0206087361912,0,100,4.55472832191,2,209066.0,128.12522253,0.839913358207,0.986334926927,673.525208422,1.08563025029
0.00301380298905,0.101450318022,16.0316234481,0.162306418183,0,100,4.77083598763,2,209066.0,458.724041602,0.16180401823,0.930237741801,560.854536375,1.66930270958
0.00733383167443,0.161077476004,16.0316235295,0.0827686032589,0,100,4.547120454,2,209066.0,107.982865843,0.856784994904,0.206285580681,223.898542087,1.88708789911
0.00430309710493,0.101441672956,16.0316241023,0.0442875760814,0,100,4.62644552431,2,209066.0,229.881516274,0.813891497605,0.521386680539,796.837097868,1.6646621177
0.0062211547845,0.151914613321,16.0316230013,0.0947118491694,0,100,4.55979369948,2,209066.0,123.092095249,0.196386682839,0.399545358191,231.696238837,0.960077759638
0.00185799871905,0.0655900487127,16.0316230012,0.0518346762164,0,100,4.5141328914,2,209066.0,65.919398297,0.477227442674,0.99870504226,708.090186732,0.856709073105
0.00277472704755,0.0684871304622,16.0316234085,0.0688448792055,0,100,4.63809919081,2,209066.0,245.578785739,0.678309675122,0.720309948379,210.474446072,1.72404454809
0.00079600473727,0.0268100334781,16.0316228798,0.0476382592752,0,100,4.78093591325,2,209066.0,492.626662563,0.778571257443,0.981742939522,441.404409146,1.84494214853
0.0082315697485,0.185539163895,16.0316248353,0.0962240491848,0,100,4.77809499841,2,209066.0,473.52333124,0.769406047003,0.100295889882,894.130742771,1.98318325957
