AverageAngleError,MaxAngularError,MaxBusVoltage,MaxGyroCurrent,MaxTemperature,MinBatteryCharge,MinBusVoltage,PV_Panels,bomCost,BattCap,GyroSize,PID_D,PID_I,PID_P,ixx
0.0851153625584,1.75679572004,16.0316230795,52.6459353154,None,100,4.25556556408,2,209066.0,253.497034509,679.226430641,-16.935051616,-183.824212403,260.647929854,1.74323022473
0.0851152124127,1.75679707465,16.0316232817,52.6457254558,None,100,4.29883505765,2,209066.0,286.218760385,781.03589742,26.9144488053,-114.550469047,271.925776445,1.15693584371
0.085115329922,1.75679759905,16.0316228832,52.6365923317,None,100,4.18675827031,2,209066.0,205.965099167,251.866555726,31.2371524783,665.736289456,299.041721935,1.60341759522
0.0851153033151,1.75679668005,16.0316228164,52.6461061183,None,100,4.05125303608,2,209066.0,127.441904334,801.393563949,-29.2402581434,334.917487654,191.690594619,0.95710840006
0.0851153051013,1.75679674123,16.0316228588,52.697272394,None,100,4.33731382554,2,209066.0,317.240357334,563.501846252,-15.3771487236,-709.761773071,288.964640012,1.7959700256
0.0851153918613,1.7567959251,16.0316241406,52.6459764687,None,100,4.24919150865,2,209066.0,248.861978448,59.5204197655,-12.9696367529,-29.0579965916,223.494082127,1.13017472201
0.0851152216436,1.75679909145,16.0316247477,52.6439026862,None,100,4.39765472612,2,209066.0,369.992025742,900.292387401,-37.7983799124,-363.309831769,196.651681713,1.22395285621
0.0851152483366,1.75679517127,16.0316243069,52.6459006939,None,100,3.94245133123,2,209066.0,108.528402166,497.466002007,25.6403490305,801.530600971,171.904526622,1.06213587622
0.0851152728692,1.75679691373,16.0316228435,52.6339345613,None,100,4.10393992595,2,209066.0,155.668633662,235.551840752,15.1652305542,-362.788697917,298.890735377,1.45662159136
0.0851153657076,1.75679702598,16.0316227851,52.6463494351,None,100,4.43724416118,2,209066.0,407.538226805,544.055978097,34.9974917928,435.680927495,196.516509969,0.908578240404
0.0851152690753,1.75679614518,16.0316230601,52.6459219367,None,100,4.375307072,2,209066.0,349.824868418,854.224400204,30.7758141041,645.451911451,298.099118877,1.85666262284
0.0851151546387,1.7567997501,16.0316229377,52.6476982597,None,100,4.31697249454,2,209066.0,300.581938992,951.803797708,-49.4128205349,-464.488038226,262.283485757,1.37316178358
0.0851152680508,1.75679774175,16.0316236594,52.6243002614,None,100,4.51382704799,2,209066.0,488.235827822,827.374821826,17.4464343869,892.064029811,156.01887922,0.836327897621
0.0851153524734,1.75679859077,16.0316239645,52.6333573126,None,100,4.46256843247,2,209066.0,432.974673719,223.603004917,43.7563948412,-892.201672999,185.458628531,1.66319008324
0.0851153188234,1.75679619513,16.0316227118,52.6461788072,None,100,4.15436550158,2,209066.0,185.407681696,739.986661295,-46.4621432551,-657.906628367,222.646709549,1.20905575112
0.085115261367,1.75679546766,16.0316227151,52.6461116209,None,100,0.73036286811,2,209066.0,64.6856543641,697.084944352,-11.1660645213,-857.763868439,229.384705785,1.61719981151
0.0851153255809,1.75679526127,16.0316235994,52.6458653749,None,100,4.42392278225,2,209066.0,394.679692696,355.245160861,-4.84887894348,-318.751067632,216.729462879,1.40078539683
0.0851152528079,1.75680042224,16.031622914,52.655034378,None,100,4.1735944249,2,209066.0,197.521323526,940.418162712,-43.7642502516,-990.009097188,298.063600131,1.1453730206
0.0851153291428,1.75679680161,16.0316242944,52.6458807316,None,100,4.29363589814,2,209066.0,282.207435669,939.893925094,-28.6193946036,338.492552914,181.414157218,1.29069389258
0.0851152938055,1.75679521374,16.0316237268,52.6460050789,None,100,4.47082222518,2,209066.0,441.487241375,684.047285886,-34.5846428127,207.401248169,287.788153361,1.29770574787
0.0851152657396,1.75679656246,16.031623971,52.6463129819,None,100,4.49493534908,2,209066.0,467.164971423,865.419199432,21.0988216399,-964.84395136,176.20250736,1.59951979339
0.0851152413197,1.75679805865,16.0316226997,52.6462759207,None,100,2.08200162621,2,209066.0,83.2318712522,412.295073307,12.3401190234,-348.324016551,208.702329354,0.945028286889
0.0851152279952,1.75679658,16.0316226967,52.646401533,None,100,4.04508715643,2,209066.0,124.393817171,440.799363829,-4.46537124724,-330.620253733,289.816822211,1.87330131704
0.0851153373731,1.75680014203,16.0316232445,52.6839528658,None,100,4.46135090843,2,209066.0,431.709047471,234.604041838,11.7883909317,-910.293573112,156.897692784,0.802212198028
0.0851152699846,1.75679476976,16.031622731,52.6461894616,None,100,2.65049828997,2,209066.0,56.1210180007,900.553403827,-29.9578296733,316.290799365,228.798245232,1.3140343459
0.0851152195241,1.7567953292,16.0316228448,52.6443533706,None,100,3.14029224716,2,209066.0,54.2930624124,187.584302629,-38.8545991597,839.813237486,227.514222504,1.46435708925
0.0851153047018,1.75679722835,16.0316227617,52.6936335621,None,100,4.18500603191,2,209066.0,204.82577024,413.261886266,-21.7518720069,-524.454351149,156.147053457,1.75660641556
0.0851152604427,1.75679582433,16.0316228272,52.6465820635,None,100,4.25486146066,2,209066.0,252.938981424,983.757725302,18.5951744414,-65.5628312269,241.787764649,1.86227026996
0.0851153224207,1.75679516225,16.0316227279,52.6459649555,None,100,4.20586581991,2,209066.0,218.601209189,491.751117175,18.1307757058,817.587772001,264.251033992,1.58733605967
0.085115282748,1.75679580986,16.031623497,52.6407213713,None,100,4.37166897755,2,209066.0,346.593661027,726.20739048,-22.6235411959,233.625897685,235.626295374,0.917082117962
0.0851152482431,1.75679705124,16.0316242232,52.6456419074,None,100,4.41364842463,2,209066.0,384.797306026,518.141366194,39.8266187689,571.179276822,277.012691131,1.14247758863
0.085115270536,1.75679914659,16.0316227874,52.6460882974,None,100,4.24028576008,2,209066.0,242.420274046,653.002336404,13.4078695476,423.42925564,201.850794506,1.79335202912
0.0851152711308,1.75679550267,16.0316236453,52.6459187383,None,100,4.43353162136,2,209066.0,403.929001472,609.68951044,7.5426390889,986.691601962,266.749718063,1.22165244215
0.0851151767764,1.7567953783,16.0316232036,52.6266709661,None,100,4.51687574601,2,209066.0,491.563939664,179.468885576,13.0739497735,-963.256406533,252.736136358,1.8392289894
0.0851153121168,1.75680412612,16.0316236709,52.6480917293,None,100,4.50002295453,2,209066.0,472.789827569,403.855554063,-40.6159778626,306.782228796,268.988233173,1.1952376206
0.0851153516491,1.75679778264,16.0316226889,52.6460141346,None,100,1.95269739807,2,209066.0,58.9640661032,842.231376461,-8.63858096671,-738.161677396,274.369774624,0.864094237461
0.085115259569,1.75679722453,16.0316228061,52.6464769666,None,100,4.07651455004,2,209066.0,140.644560386,451.953603151,5.29634978153,-660.969591056,173.84351115,1.37830162195
0.0851153061419,1.75680001961,16.031622852,52.6458185434,None,100,4.19225714997,2,209066.0,209.548888931,913.774083974,12.7892151324,885.074894282,241.745090309,1.44437318066
0.0851153244865,1.75679912564,16.0316228324,52.6516174317,None,100,4.12023734727,2,209066.0,164.97357352,403.140441806,40.228028756,498.13689437,225.839442332,1.09079994547
0.085115134283,1.75679888141,16.0316233064,52.6248968267,None,100,4.37313721091,2,209066.0,347.882038475,290.114651065,-0.397892195537,619.412133776,176.614940271,1.5951118902
0.0851152645412,1.7567954634,16.0316235258,52.6456917586,None,100,4.44639844171,2,209066.0,416.576065566,368.330183932,6.54345582415,-277.915774882,285.76798446,1.72125441578
0.0851152585382,1.75679609035,16.0316241174,52.646255581,None,100,4.45452960756,2,209066.0,424.788435718,473.928667278,-21.5678340195,-318.185221024,293.357621889,1.52900567425
0.0851153469042,1.75679779575,16.0316232026,52.6462585533,None,100,4.41630786369,2,209066.0,387.400178019,593.572899469,-18.0228486875,-965.390933128,295.915192207,1.66272508918
0.0851152391926,1.7567995294,16.0316234165,52.6459434521,None,100,4.49331998113,2,209066.0,465.525240032,146.335494268,-35.5650266139,-960.950204113,269.770121237,1.50091481141
0.0851152625691,1.75679575991,16.0316227791,52.6460598562,None,100,4.45105164255,2,209066.0,421.330047359,751.317723658,49.8671871257,316.95136466,183.436286079,1.18824351529
0.0851152140979,1.75679279756,16.0316227309,52.6461090288,None,100,4.02570485637,2,209066.0,114.794012699,506.873899416,46.8043888674,-44.561010403,253.301182387,1.64801594734
0.0851152346857,1.75679618819,16.0316228507,52.6451239701,None,100,1.76486933257,2,209066.0,80.6540358175,103.081417969,-40.4198977067,-818.739945624,164.970634013,1.02004110639
0.0851152653537,1.75679662668,16.0316232334,52.646370642,None,100,4.38861115166,2,209066.0,361.794746233,623.888362615,-42.8093115694,-71.4807722319,202.668371788,1.9273082929
0.0851152861181,1.75679674355,16.0316238314,52.6446786456,None,100,4.40382965115,2,209066.0,375.608849901,665.410307604,-0.551638311921,-844.947976497,287.380118025,1.153635581
0.0851152377829,1.75679727915,16.0316227871,52.6459730982,None,100,4.18997158539,2,209066.0,207.994973488,143.979572012,-15.8723380267,794.51683418,174.337303023,1.61963503139
0.0851152644479,1.75680283347,16.0316238037,52.7846797474,None,100,4.31385269587,2,209066.0,298.087850631,189.952278432,-33.7013789467,-830.742264209,260.92760487,1.52155877277
0.0851153404536,1.75679915058,16.0316228202,52.6462535736,None,100,4.08377860173,2,209066.0,144.534181506,905.920321386,-34.5454421058,670.66128746,157.95002323,1.15234373005
0.0851151936295,1.75679734003,16.0316234647,52.6460674285,None,100,4.34309605898,2,209066.0,322.013415694,358.649201045,30.2644421092,-363.258204565,183.774393773,0.99274838087
0.0851152928691,1.75679610947,16.0316227283,52.6464912008,None,100,4.16773392257,2,209066.0,193.813238214,492.326480742,18.6754058942,-533.770459335,153.616553749,1.53626394428
0.0851153166653,1.75679605428,16.0316251613,52.6556452172,None,100,4.18496341517,2,209066.0,204.839460406,753.589190595,10.1740713204,-561.879677474,285.978182816,1.0125489017
0.0851153708262,1.75679715137,16.0316234229,52.6458710692,None,100,4.34318275735,2,209066.0,322.128449177,488.958870614,17.5535592983,489.610959592,287.285727748,1.63168915136
0.0851153121549,1.7567944844,16.0316227382,52.6447696107,None,100,4.17225253829,2,209066.0,196.617949541,104.675663488,49.1120210987,-488.954063487,223.196373703,1.56810269124
0.0851152712847,1.75679704685,16.0316227772,52.6463365356,None,100,4.08117264794,2,209066.0,143.143862015,388.001011795,5.51157899743,-156.11677614,246.640336033,1.39816377858
0.0851152111343,1.75680494661,16.0316227429,52.6980119123,None,100,4.30567296432,2,209066.0,291.584695245,536.546297288,-37.5245640159,-549.96107106,171.403862158,1.10802171897
0.0851153227895,1.75679616396,16.0316234428,52.646207979,None,100,4.21180783622,2,209066.0,222.570485434,880.249266021,-33.3910269163,288.017930751,283.045568143,1.08745774623
0.0851152335826,1.75679740216,16.0316231814,52.6462285376,None,100,4.45984598099,2,209066.0,430.158359265,417.859052099,14.6259248363,-34.4281283218,155.951305659,1.06414174519
0.0851152566994,1.75679471337,16.0316233972,52.6456857814,None,100,4.417597754,2,209066.0,388.611280749,571.893265322,-22.9054859233,-926.1148414,153.492574123,1.83931992203
0.0851153073194,1.75679519185,16.031623624,52.6477169027,None,100,4.49576268134,2,209066.0,467.960904806,447.286643733,-21.5772551432,277.166714591,221.428221538,0.830836981425
0.0851152987347,1.75679687188,16.031622861,52.6460478572,None,100,4.16118035195,2,209066.0,189.606340358,765.406726582,49.1888753184,-237.789129869,170.118581618,1.46908294925
0.0851153391754,1.75679642162,16.0316240892,52.6463298598,None,100,4.40017371232,2,209066.0,372.224946369,313.625735822,-42.8337154789,-523.361353861,216.078107515,0.928160285209
0.0851152925794,1.75679755103,16.0316227073,52.6440500698,None,100,4.25372115858,2,209066.0,252.154649139,363.661863202,19.125928753,43.2664915709,207.89425592,1.49672371361
0.0851153101855,1.75679516077,16.0316227935,52.6460990375,None,100,4.14383261271,2,209066.0,178.928193028,957.05903882,-27.0559279308,875.101997127,150.485656938,0.919855534611
0.0851152787056,1.7567997579,16.0316237219,52.8502944692,None,100,4.38590696368,2,209066.0,359.187013514,899.929316957,-5.83375449634,524.477350533,206.889390134,1.98907599457
0.0851152180959,1.75679735781,16.0316227964,52.6460873312,None,100,1.29256833325,2,209066.0,61.9203699292,486.086409915,0.642117495166,985.724659787,279.109763013,1.15646177714
0.0851152291831,1.75679541406,16.0316228165,52.6459711672,None,100,4.37347662508,2,209066.0,348.181239177,681.989438326,47.2685921403,737.363820096,223.990393946,1.38188199251
0.0851153317023,1.75680108228,16.0316238751,52.646191615,None,100,4.22181791692,2,209066.0,229.523439169,875.625762601,-12.4504623173,981.663520768,239.966109428,1.21914227699
0.0851152727838,1.75679735981,16.0316229102,52.6728136707,None,100,4.4316117804,2,209066.0,402.049862245,361.665955724,35.1555809337,827.635461692,160.947811138,0.858004967481
0.0851152539242,1.75679581098,16.0316227031,52.6458719805,None,100,4.16161717589,2,209066.0,189.879470196,285.34343145,-1.55969552456,-839.428800125,259.326613108,1.77370836209
0.0851153311154,1.7567956029,16.0316228137,52.6455063159,None,100,4.13692978461,2,209066.0,174.856267484,60.5663414015,-41.0898360059,556.863603158,206.69946099,1.08804884426
0.0851153120582,1.75679587687,16.031623894,52.6458876846,None,100,4.51778679676,2,209066.0,492.479163026,154.174234872,24.0552056571,-849.389738038,228.205473638,1.35100804487
0.0851152534616,1.75680138101,16.0316231783,52.6464293572,None,100,4.31929109033,2,209066.0,302.434486213,293.577195493,-35.43562427,-634.508797093,165.452954343,0.894109134151
0.0851153206098,1.75679391778,16.031623728,52.6683764353,None,100,4.26257187494,2,209066.0,258.634385054,430.414967143,-5.91879218377,-394.321904748,294.724381684,1.71223067237
0.0851152278079,1.75679686613,16.0316237604,52.6459596445,None,100,4.43651071083,2,209066.0,406.834516281,984.908835704,31.8701172554,713.672936692,257.747008122,1.39818890772
0.0851153564114,1.75680284448,16.0316226797,52.64653408,None,100,4.21865166185,2,209066.0,227.268972611,290.679180296,12.2803354819,701.091636079,248.689432475,1.85972847715
0.0851151231917,1.75679955312,16.0316227834,52.646025162,None,100,4.35627362938,2,209066.0,333.30294919,980.432865071,32.8684032532,848.218828179,163.728743308,1.6794930899
0.0851151583259,1.75679719569,16.0316228717,52.6473606914,None,100,4.28903083977,2,209066.0,278.622088042,363.419548704,46.8145436995,241.988255565,267.60862108,1.88992803294
0.0851153125464,1.75679549212,16.0316227323,52.6407556575,None,100,4.07056261305,2,209066.0,137.501848865,691.816793264,33.2272738125,240.858286687,176.196193957,1.30772629643
0.0851152613992,1.75679441785,16.0316229322,52.6417186827,None,100,3.55410316155,2,209066.0,99.8757512063,709.321550971,-14.9288637403,433.575172315,298.576257391,1.3435025677
0.0851152507605,1.75679439999,16.0316240284,52.6376723901,None,100,4.47849829114,2,209066.0,449.494284689,236.613731765,37.2421393361,360.951026902,208.966326762,1.08190702917
0.0851152139332,1.75680054606,16.0316227534,52.6463993804,None,100,4.27622436751,2,209066.0,268.858335576,265.965389524,-29.3564275449,-653.94559098,281.367107508,1.68310865543
0.0851152892395,1.7568034531,16.0316247699,52.6438014888,None,100,4.367381856,2,209066.0,342.840713828,91.0018804558,-44.9731343522,551.695052886,289.188112274,1.85890475137
0.0851153900173,1.75679951761,16.0316234545,52.6960944963,None,100,4.18371104155,2,209066.0,203.951680774,772.737970333,-19.8539491541,-599.493510562,194.350509588,1.49985586184
0.0851152399848,1.75679520713,16.0316243471,52.6455822046,None,100,4.49957507833,2,209066.0,472.237709137,706.167843238,-15.5855894857,-911.805818871,282.608596571,0.89197980936
0.0851152259444,1.7567970663,16.0316234708,52.6238982625,None,100,4.3187151543,2,209066.0,302.042950025,368.759254424,4.88409514133,910.642965263,164.578005119,1.26820606458
0.0851153274657,1.75679549762,16.0316232662,52.6459605276,None,100,4.43801995476,2,209066.0,408.336228166,529.910161691,12.0853778485,-174.096519648,257.42719162,1.10910689109
0.0851153431995,1.7567975495,16.0316227929,52.6244208846,None,100,4.15295720489,2,209066.0,184.554712116,173.847827374,46.0524264071,112.851491576,220.886618514,1.26291947884
0.0851151955136,1.75679575333,16.0316230745,52.6459980348,None,100,4.17038912136,2,209066.0,195.41204179,288.560389837,-13.5760059382,985.994998593,201.567375935,1.6396938902
0.0851152382511,1.75680172249,16.0316237293,52.6462086336,None,100,4.51272837794,2,209066.0,486.905420694,764.265789861,1.2371376385,745.247888809,297.118596253,1.15994976417
0.0851152659903,1.75680072712,16.0316228215,52.6528030368,None,100,4.44447276011,2,209066.0,414.687597985,462.172704055,-46.1172502566,-344.519766502,292.478898427,1.89863828325
0.0851152753863,1.75679504293,16.0316237699,52.6460374591,None,100,4.4891471331,2,209066.0,460.906175976,382.703684963,-19.8210579503,334.077039075,279.06413617,0.951569408277
0.0851153055293,1.75679704038,16.0316239504,52.6463637935,None,100,4.45017250854,2,209066.0,420.379071609,578.282145481,-24.1472570871,-549.925544576,231.780435744,1.47844486149
0.0851152219136,1.7567984666,16.0316228973,52.6457570005,None,100,4.33289568883,2,209066.0,313.582130902,716.208890024,39.8743923515,387.492202565,168.421954473,1.84116635063
0.0851153503211,1.75679468874,16.0316226896,52.6442104481,None,100,4.10596584285,2,209066.0,156.825282514,264.90370592,6.64013777872,398.412221082,217.107416202,1.58217696262
0.0851152727858,1.75679322023,16.0316226483,52.6458387401,None,100,3.10616968185,2,209066.0,93.3324208971,816.890284792,-7.40833240219,913.435966479,174.082086455,1.05634953336
0.0851152989925,1.75679533723,16.0316233747,52.6597104451,None,100,4.27550469347,2,209066.0,268.315192446,961.896026198,-6.8593196863,-805.324714317,181.184311129,1.95867908325
0.0851153128659,1.75680119233,16.0316226773,52.6465994466,None,100,4.07961047855,2,209066.0,142.319994157,931.641267899,-34.794466561,-939.658325137,169.662535165,0.999957347144
0.0851152163434,1.75679702901,16.03162588,52.6443532975,None,100,4.35860211445,2,209066.0,335.223206504,983.232488677,26.0330538419,903.362521721,206.98009692,1.78355704303
0.085115260729,1.75679711991,16.0316227187,52.6458838448,None,100,4.09806160127,2,209066.0,152.401902362,903.885170774,16.4413303867,-510.471202498,278.108418765,1.11523821028
0.0851152913293,1.75679633202,16.0316235338,52.645587612,None,100,4.43804327642,2,209066.0,408.28722377,104.871158164,-48.2829845052,-572.647043597,265.877373982,1.16808749033
0.0851154207799,1.75679657264,16.0316227769,52.6463743287,None,100,4.10376421015,2,209066.0,155.580751527,886.855466988,-44.56496136,871.733687666,175.350562418,1.59041728201
0.0851152020831,1.75679539606,16.0316240616,52.6466693823,None,100,4.37205733292,2,209066.0,346.936405117,867.038936278,2.08948890216,-346.065402145,192.859477805,1.16046383648
0.0851152585406,1.75679522156,16.0316228669,52.6459893465,None,100,4.27004542956,2,209066.0,264.185674038,486.002731494,-47.7693285331,592.274502982,154.427983156,0.909117944526
0.0851152114664,1.75680029782,16.0316241047,52.7167051915,None,100,4.37339920247,2,209066.0,348.081241662,259.216694788,-17.1799643982,-327.9344262,188.830307711,1.05553875273
0.0851153578459,1.75680188473,16.0316227702,52.6458695356,None,100,4.18201811299,2,209066.0,202.866224359,426.827337005,14.8962015561,635.689985098,185.515132555,1.46885296921
0.0851153888389,1.7567988323,16.0316227774,52.6454864878,None,100,4.07728000589,2,209066.0,141.051834405,440.770586965,1.47380197818,-877.401019227,217.040723005,1.59737405837
0.0851154044276,1.75680252181,16.0316236494,52.6504938617,None,100,4.25565016482,2,209066.0,253.561224529,309.840196665,-41.7395665955,-583.859799599,234.886054806,1.37267355604
0.0851152304959,1.75679843795,16.0316238706,52.6509999105,None,100,4.42424834684,2,209066.0,394.882620124,730.282256693,37.8191610176,-751.727441407,221.811968543,1.90446057977
0.0851153370816,1.7567965641,16.0316228976,52.6336563259,None,100,4.17498395184,2,209066.0,198.342258555,136.795068266,-8.85676658481,-395.620135857,185.672553893,1.89048808806
0.0851153110219,1.75679642147,16.0316226522,52.6460296775,None,100,2.33040977591,2,209066.0,57.3895691165,172.97391936,-20.3680012279,921.21334287,251.206911976,1.11120248068
0.0851152427717,1.75679592671,16.0316234735,52.6455616385,None,100,4.46229840431,2,209066.0,432.706058504,543.135846362,44.8054248435,-335.75183723,163.410380174,1.76633689933
0.0851152461951,1.75679782872,16.0316238315,52.6467516169,None,100,4.50496465039,2,209066.0,478.142122951,404.532493162,-23.7740347153,735.454641416,238.143346503,1.60405283664
0.08511525939,1.75679622242,16.0316227543,52.6459536922,None,100,0.0656087398849,2,209066.0,69.1822708867,509.301475222,-46.9354444947,-304.379552931,259.856959834,0.959874965048
0.0851152822486,1.75679581298,16.0316227368,52.6460803767,None,100,1.97864572745,2,209066.0,58.8647417651,851.761997598,-25.7006813263,477.319760146,175.625523358,0.930948198381
0.0851152150211,1.75679697209,16.0316230188,52.6523770277,None,100,4.2711215786,2,209066.0,264.975331717,658.554033815,-39.2063611827,512.211101136,152.593064192,1.22081238705
0.0851153066671,1.75680133014,16.0316229091,52.6460603816,None,100,4.36385104939,2,209066.0,339.796020047,663.342594373,-16.4956437979,929.950962808,205.645228999,1.12914435817
0.0851153724947,1.75679550459,16.031622696,52.6451488147,None,100,4.15856288034,2,209066.0,187.992389405,251.726805634,-11.4981464846,421.618063069,233.533596276,1.49636069035
0.0851152941342,1.7567970639,16.0316236527,52.6245774945,None,100,4.46668991596,2,209066.0,437.222972193,497.380269919,-49.840908947,34.833418636,240.279260873,1.9950905467
0.0851152796744,1.75680012926,16.0316234317,52.6505874825,None,100,4.24758812223,2,209066.0,247.766876934,603.516449042,-12.4501352628,857.310665971,230.57103171,1.38697220864
0.085115281079,1.75679734639,16.0316228922,52.679942218,None,100,4.4643989602,2,209066.0,434.825873016,459.042484427,-0.579805837064,284.344607005,222.520380043,1.39426101611
0.0851153227652,1.75679707219,16.0316233518,52.6576999937,None,100,4.45150731419,2,209066.0,421.762867999,709.926743092,-9.75385038716,-184.783833894,164.716815083,1.48217251843
0.0851154141551,1.75679627344,16.0316237187,52.6460007299,None,100,4.39104101768,2,209066.0,363.88896847,487.057040127,14.3529207034,714.892076505,256.998194215,1.7741437233
0.0851151685085,1.75679533321,16.0316232973,52.6457042475,None,100,4.52263503004,2,209066.0,498.033255587,449.799423977,-24.9872771555,284.439342805,178.950785287,1.50680885734
0.0851152886189,1.7568007548,16.0316238927,52.6463597413,None,100,4.26256778482,2,209066.0,258.655272946,592.188819373,-22.000007371,-817.066498867,234.298145787,1.29269741069
0.0851152726141,1.75679544882,16.0316235256,52.6460166785,None,100,4.23830935938,2,209066.0,241.030078714,63.4865222948,45.2498545174,508.529950681,212.928526714,1.16531733741
0.0851153034863,1.75679589518,16.0316250891,52.6460800638,None,100,4.33473988782,2,209066.0,315.095259221,116.604659331,36.3468445783,-155.561373281,172.472608752,1.96421940932
0.085115343761,1.75679656522,16.0316227804,52.6519519779,None,100,4.13534686767,2,209066.0,173.869417437,233.902268919,-31.7613750916,51.3640572257,239.528222554,1.12532017577
0.0851152513125,1.75679753952,16.0316241852,52.6462878029,None,100,4.47502687121,2,209066.0,445.829621233,548.418958759,-35.843342854,925.17211456,219.544712692,1.19758134544
0.0851152499238,1.75679790446,16.0316227107,52.6461839891,None,100,4.04358327041,2,209066.0,123.573513919,669.073483536,10.9160059117,-448.24812895,211.985020517,1.08214748358
0.0851152850126,1.75679788526,16.0316232551,52.6388404045,None,100,4.21927468423,2,209066.0,227.747278967,180.882844963,32.1414765616,-605.472909954,158.488131301,0.897413434591
0.0851152752098,1.75679808097,16.031622725,52.8288527184,None,100,4.34351931167,2,209066.0,322.428221543,207.701611721,18.3823006152,-426.089801021,173.940633958,1.81888107773
0.085115314737,1.75679773212,16.0316233446,52.6462925692,None,100,4.482172028,2,209066.0,453.397584014,105.976284233,4.52270587096,-105.704561718,168.147127212,0.971251884611
0.0851153608446,1.75679716087,16.0316229911,52.6468440791,None,100,4.05074866725,2,209066.0,127.229941293,696.131674034,35.4675618851,-640.117904705,273.17882559,1.97781284834
0.085115275485,1.7567938409,16.0316226843,52.645144962,None,100,0.411955761961,2,209066.0,71.2672469898,950.446964451,40.6192317304,7.95480221163,165.832180102,1.8693328816
0.0851153271983,1.75679795937,16.0316228295,52.6461027507,None,100,3.76303840986,2,209066.0,104.129073024,152.508649442,3.79648752938,-412.30133884,194.634355856,1.75732756307
0.0851152861387,1.75679548109,16.0316236807,52.6245533213,None,100,4.33587193249,2,209066.0,316.058821209,781.487947573,33.3932875978,150.833606759,153.540837534,1.28158570105
0.0851153544715,1.75680059496,16.0316235845,52.6422797576,None,100,4.26575578717,2,209066.0,260.996433893,148.630123614,49.6483455171,660.510846897,236.58685816,1.36089943526
0.0851152376378,1.75679771071,16.0316230808,52.6489703038,None,100,4.22336327396,2,209066.0,230.53737114,214.00882954,-38.7930325907,136.7989139,296.775011802,1.49655174977
0.0851152913703,1.75679634665,16.0316236226,52.6496751656,None,100,4.30458234439,2,209066.0,290.699647803,436.055862704,39.1529908699,-625.792326099,264.348054667,1.2909354913
0.0851152469049,1.75679885878,16.0316227871,52.647475132,None,100,4.12622374596,2,209066.0,168.480982166,688.581531544,-34.833117676,521.122278111,279.259066217,1.18341313247
0.0851152362656,1.75679511654,16.0316232495,52.6458819802,None,100,0.349544380451,2,209066.0,66.6562679622,267.143083644,10.0784083561,153.503976389,181.811681152,0.819127890202
0.0851151947854,1.7567952733,16.0316229336,52.6459812599,None,100,4.3738881496,2,209066.0,348.544142101,380.912846771,20.5766789833,793.337473037,264.653415733,0.979905350158
0.0851152095402,1.75679758595,16.0316232795,52.6455104628,None,100,4.44913217747,2,209066.0,419.5153091,882.546798665,-41.9961529923,106.884900637,277.802382417,1.10012076794
0.0851153000431,1.75679863746,16.0316227126,52.6460443977,None,100,3.44893303451,2,209066.0,98.073519946,717.07626443,10.6828468468,429.647010809,268.07275483,1.63651925635
0.0851153099941,1.75679677422,16.0316227252,52.6460232807,None,100,4.13025739439,2,209066.0,170.821247595,263.157854215,-6.48391533829,713.404080973,168.285835002,0.855895237917
0.0851152720131,1.75679821193,16.0316233664,52.6460565474,None,100,4.36586266395,2,209066.0,341.551135987,677.578762334,14.666330361,101.222782605,244.711091424,1.09747123571
0.0851151925275,1.75679587232,27.0297952617,52.6458358041,None,100,4.41470690229,3,235066.0,276.421906006,135.027209939,5.80323773182,81.100292374,295.607962557,1.44365762774
0.0851151992438,1.75680154951,27.0297951173,52.6466391439,None,100,4.22895955294,3,235066.0,98.2646708639,78.0446425847,49.8086433956,-982.536921224,295.451642825,1.26991779482
0.0851152754241,1.75679801134,27.0297952041,52.6404887736,None,100,4.24290324027,3,235066.0,114.809446725,559.226345345,-37.1886319666,-353.381773094,205.141975889,1.58263430394
0.0851152176585,1.75680088527,27.0297964548,52.6461690749,None,100,4.47600615606,3,235066.0,332.975273289,971.780264378,-45.751160907,876.357890287,234.933233211,1.29778309619
0.0851152943317,1.75679658569,27.029795162,52.6460920548,None,100,4.20972355272,3,235066.0,68.8693969231,826.576850766,-5.65211269145,-872.471826352,161.6793666,1.65050610746
0.0851152843839,1.75679544991,27.0297964537,52.6458321128,None,100,4.55710856509,3,235066.0,411.141918672,387.383907253,-45.5786125846,878.121838464,288.064052549,1.74368805471
0.0851152878828,1.75679696223,27.0297952039,52.6438517468,None,100,4.25268492088,3,235066.0,125.496712712,386.350894619,11.6118923578,358.689156848,152.393097368,1.74671818005
0.0851152406382,1.75679652768,27.0297951056,52.6460577841,None,100,4.33346170086,3,235066.0,202.790097952,738.821763754,3.76733492169,719.635706917,227.459550442,1.65447656897
0.0851151827603,1.75680186696,27.029796938,52.6464165422,None,100,4.56040246818,3,235066.0,414.408563211,878.161248568,32.2115358973,-574.496060767,212.690518233,1.02672474656
0.0851152203441,1.75679927192,27.0297949663,52.6460787867,None,100,4.26275583189,3,235066.0,135.826983436,258.788194833,-36.8042441207,-101.473131648,153.331492633,1.14936739775
0.0851151652657,1.75679648348,27.0297951588,52.6477755136,None,100,4.46272006125,3,235066.0,320.576440428,160.160943755,35.4156845651,-789.355920347,250.813125688,1.19188859697
0.08511521263,1.756800032,27.0297951373,52.649670526,None,100,4.27165208945,3,235066.0,144.737171669,529.1105687,-39.6446445378,718.014475421,203.856174108,1.58308283394
0.0851152548122,1.75679984489,27.0297956136,52.6458086986,None,100,4.42467663061,3,235066.0,285.464748615,990.210118529,-49.2331700542,-595.436044239,272.967296038,0.837347607901
0.0851152112004,1.75679668371,27.0297974427,52.6380769878,None,100,4.58555249505,3,235066.0,439.61070508,518.540959589,-13.1521881621,186.89607473,179.218451254,1.97171184838
0.0851152588294,1.75679588913,27.0297951511,52.6459254331,None,100,4.24671640438,3,235066.0,118.993313043,866.97220071,0.335253511596,443.391002595,254.615677849,0.833148731135
0.0851152880953,1.75679676916,27.0297950913,52.6468237702,None,100,4.24287145349,3,235066.0,114.755334287,907.133732423,4.65547144467,943.876765728,179.683992255,1.89869915832
0.0851152557577,1.75679871239,27.0297950392,52.6466684787,None,100,4.34004644229,3,235066.0,208.788262734,611.48106223,-3.788621955,-957.116851527,278.285283726,1.74204373574
0.0851152314859,1.75679412025,27.0297951419,52.6558765459,None,100,4.24181106074,3,235066.0,113.598250308,888.029523867,23.9188887558,-525.673326128,264.28259456,1.01238862772
0.085115223194,1.75680495087,27.0297952814,52.6464275571,None,100,4.42167077263,3,235066.0,282.721227051,824.797868706,-11.4324118557,-968.127965586,277.486658341,1.89572739144
0.0851152732168,1.75679537903,27.029796222,52.6460974443,None,100,4.55460332944,3,235066.0,408.650169024,64.3671166418,-18.9437396234,374.363582178,251.939672624,1.12938518957
0.085115275438,1.75679527899,27.0297949498,52.6471526341,None,100,4.40180724106,3,235066.0,264.631905004,968.406353509,28.1945237726,53.0830231723,248.76284708,1.39195873372
0.085115150488,1.75679379467,27.0297961468,52.6457620984,None,100,4.55533631489,3,235066.0,409.400129203,962.1512987,-39.3874513662,-845.797858338,171.733592436,1.42649967981
0.0851152730222,1.75679618703,27.0297963586,52.6461179747,None,100,4.40473325742,3,235066.0,267.238493856,603.686192922,-41.4166069511,677.874576992,160.559746821,1.19645525165
0.085115288504,1.7567967823,27.0297949006,52.6459943492,None,100,4.33767033899,3,235066.0,206.632281595,212.890264812,-16.4991895828,-931.412713582,241.36768004,1.39025914908
0.0851152762234,1.75679627663,27.0297952533,52.6461920048,None,100,4.25516804416,3,235066.0,128.08428192,342.998321197,-22.6401373367,-937.521277574,267.587604444,1.98783107669
0.0851152214935,1.75680051883,27.0297949926,52.6476731941,None,100,4.32371155661,3,235066.0,193.947905396,588.653007155,5.47257245456,-677.953552467,186.943393708,1.22852466613
0.0851152538466,1.75679792083,27.0297951659,52.6462541057,None,100,4.31879394653,3,235066.0,189.408584665,771.36730418,-14.7835719427,-154.182162501,286.240198383,1.76382405135
0.085115259735,1.75679691147,27.0297949989,52.6462577357,None,100,4.30769952307,3,235066.0,179.178841451,391.384243688,-9.25488667999,632.31916379,151.13288697,1.38870236998
0.0851151781688,1.75679812012,27.0297950935,52.6504138194,None,100,4.37344035534,3,235066.0,238.971058232,522.460772365,10.743121405,383.09223082,185.913801512,0.814343211447
0.0851152453416,1.75679761765,27.0297966276,52.6462731476,None,100,4.57877741673,3,235066.0,432.764242307,964.992989468,17.7663713843,-677.484012245,270.275436863,1.30849712616
0.0851152488249,1.75679914499,27.0297950926,52.65335465,None,100,4.35348879266,3,235066.0,220.947572031,88.284492672,-9.61099123232,-85.6135215473,158.146443759,1.73409525952
0.0851151996932,1.75680050711,27.0297951075,52.6463606647,None,100,4.37417379036,3,235066.0,239.62030474,289.41762581,-18.1524285232,494.822136325,211.601303064,1.23239293569
0.0851152344568,1.75679582741,27.0297966738,52.6457896366,None,100,4.53808296184,3,235066.0,392.431317784,702.086979189,-34.6313975695,-852.94813109,283.326273853,1.72420412022
0.0851151741422,1.75679641206,27.0297968957,52.6567615387,None,100,4.61276144987,3,235066.0,467.534224517,438.503403051,38.6702802465,-287.63385664,275.391393091,1.29913091155
0.0851151800353,1.75679705484,27.0297966912,52.6249423754,None,100,4.6273848943,3,235066.0,482.674135333,139.273046258,34.4668637134,-877.180754804,160.85630372,1.55843829436
0.0851152267964,1.75679717597,27.0297951767,52.6311719833,None,100,4.39517566225,3,235066.0,258.643186775,320.2700176,-44.1706279102,229.712952942,204.626028262,1.49129598787
0.0851152753378,1.75679564669,27.0297957633,52.6466487058,None,100,4.5244055653,3,235066.0,379.070981286,64.0617325843,43.0813284445,68.8198420205,182.033750284,1.26796544366
0.0851152224764,1.7567953559,27.0297960145,52.6716478308,None,100,4.5125148634,3,235066.0,367.636962996,708.685047845,10.6965041478,231.849513394,163.876174277,1.3827531975
0.0851152741438,1.75679728653,27.0297950995,52.6459917051,None,100,4.31988393537,3,235066.0,190.404015471,662.532689872,-40.7407318855,-532.738020636,224.698736145,0.909662701521
0.0851152710167,1.75679620936,27.0297961577,52.645956581,None,100,4.49283313304,3,235066.0,348.906519513,488.738774009,48.3502328104,966.697393656,192.238385716,1.31900647559
0.0851152520237,1.75679645101,27.029795529,52.6509666557,None,100,4.39192616579,3,235066.0,255.656430931,293.220749517,-6.36737510389,-951.784361809,234.767019044,1.7640335574
0.0851152327712,1.75679621248,27.0297964747,52.6459437133,None,100,4.44473039674,3,235066.0,303.820353459,138.009909031,38.6723244916,130.689908863,272.36724181,1.79816693353
0.0851152008923,1.75679805823,27.0297960852,52.6604754998,None,100,4.44417770371,3,235066.0,303.39823415,264.858529238,38.3863199644,838.58792829,187.631569977,1.59113594545
0.0851152891713,1.75680044736,27.0297951417,52.6462525541,None,100,4.31956512191,3,235066.0,190.219722476,390.195809376,-22.9489298221,-60.7874140299,231.568421591,1.74675650133
0.0851152112964,1.75679437898,27.0297969766,52.6447438274,None,100,4.50985364741,3,235066.0,365.082719667,764.366275686,-46.9123848549,607.09413952,152.373141215,1.62984749263
0.085115203736,1.75679629582,27.0297962749,52.646221708,None,100,4.41499385163,3,235066.0,276.555649114,854.584653369,49.2804040379,-821.257881127,204.941523225,0.975566463738
0.0851152688154,1.75679845098,27.0297958767,52.6457687173,None,100,4.20611471353,3,235066.0,60.3257465351,307.598733052,-20.8456045074,-835.701527953,175.549267778,0.848481677069
0.0851150943719,1.75679960786,27.0297967396,52.6999793317,None,100,4.63246239641,3,235066.0,487.955261783,315.713911077,-9.96468026325,-205.197626911,237.092214513,1.63692698636
0.085115194826,1.75679172327,27.0297952162,52.6281671295,None,100,4.20729740517,3,235066.0,63.423927748,652.439191106,45.780481149,523.112559704,286.040241399,0.947783241457
0.0851152503546,1.75679870115,27.0297966159,52.6676263128,None,100,4.46665266999,3,235066.0,324.219938483,75.4951542237,-22.1246369509,-815.726640946,150.98516503,1.32481712471
0.0851152604469,1.75679814696,27.0297964003,52.6826455653,None,100,4.56085934174,3,235066.0,414.886151157,676.986308191,-14.677552162,985.428066302,263.535655062,1.63747501692
0.085115413327,1.75679699436,27.0297950624,52.6457155934,None,100,4.33675659826,3,235066.0,205.780842707,616.294730418,-0.393020831832,344.430264079,162.069234563,1.68773776117
0.08511528808,1.75679581582,27.0297966836,52.6466500444,None,100,4.57811211962,3,235066.0,432.101944707,942.307240618,-39.4849750388,30.6208609399,259.688342841,1.4060679118
0.0851152170267,1.75679832996,27.0297952036,52.6445589356,None,100,4.27937459458,3,235066.0,152.262562268,327.673981534,8.08438319495,451.325951674,221.729377891,1.89821224099
0.0851152623666,1.75679727565,27.0297949834,52.6459119409,None,100,4.20317142779,3,235066.0,50.1358385743,974.568069999,-45.0598445081,664.140420918,270.817504444,1.41631142425
0.0851152817565,1.75679940136,27.0297953711,52.6468163067,None,100,4.34936243918,3,235066.0,217.226296482,607.435225275,-42.7753627267,389.697020912,285.492811008,1.22990108318
0.085115326845,1.75679689115,27.029797736,52.6458687277,None,100,4.6387762866,3,235066.0,494.580257481,260.625337961,4.25847724846,-247.2312912,226.558800541,0.863038663338
0.085115238854,1.75680032113,27.0297965918,52.6466576443,None,100,4.53876129944,3,235066.0,393.050605515,274.81934678,-23.4358452628,-865.982969083,151.459234911,1.44777573566
0.0851152829268,1.75679507597,27.0297949988,52.6458186419,None,100,4.22715910696,3,235066.0,96.0153447222,772.377806838,26.4929572478,406.056091571,237.244672866,1.32891095579
0.0851152504666,1.75679640141,27.0297967934,52.6432185884,None,100,4.23156302258,3,235066.0,101.536417019,913.95694039,-16.1670628833,-695.556073448,215.754071536,1.43897158458
0.0851152746674,1.75679525882,27.0297950087,52.6453572831,None,100,4.24624182693,3,235066.0,118.487959604,474.211897358,-4.45034149634,774.225566093,298.499060727,0.857826281245
0.0851151762115,1.75680605128,27.0297964062,52.6487920784,None,100,4.49875794807,3,235066.0,354.59691747,648.101089266,-18.6381815811,-610.137913947,251.655700449,1.76135992536
0.0851151535158,1.75679868788,27.0297966895,53.0773462941,None,100,4.54560882059,3,235066.0,399.842254003,275.291588661,23.9054814039,639.548755646,176.896528102,1.26727492187
0.0851151815363,1.75679710873,27.0297949497,52.6465863088,None,100,4.21251671993,3,235066.0,74.1750841075,635.613277358,-6.52650279115,-608.507855558,223.269787617,1.77076331257
0.0851152427287,1.75679551432,27.0297957752,52.6457521872,None,100,4.54275858791,3,235066.0,396.946087433,137.805333409,-8.64433524384,-151.375427433,255.5933423,1.99257962217
0.0851152796669,1.75679623527,27.029800546,52.6460113939,None,100,4.4952625033,3,235066.0,351.082815804,328.840714423,19.2308189003,997.244136451,187.867665453,1.31102645883
0.0851151577859,1.75679531628,27.0297962872,52.6465889087,None,100,4.57901748769,3,235066.0,433.115275046,725.588827477,31.4364067752,-544.20487716,250.999883095,1.77305893397
0.0851152402116,1.75679512309,27.0297965909,52.6469722052,None,100,4.41414057166,3,235066.0,275.979306949,256.148974745,-30.0128746599,-641.434867943,208.585133581,1.59940562737
0.0851152528287,1.75679796769,27.0297972107,52.6433949653,None,100,4.57861576674,3,235066.0,432.663221859,967.083389594,-46.3139322395,66.5740782441,153.291088103,1.01927143375
0.0851152741114,1.7567969554,27.0297950596,52.6460255476,None,100,4.20459079989,3,235066.0,55.6659559758,124.7518894,-0.517812846536,464.689555981,168.186373054,1.24514462677
0.0851153088392,1.75679820889,27.0297953892,52.7069688443,None,100,4.53747221157,3,235066.0,391.779686176,490.001545992,-13.1495920445,296.385979881,294.267810905,0.990874796483
0.0851152762275,1.75680448221,27.0297961966,52.6461621626,None,100,4.5940909955,3,235066.0,448.313743501,494.48066402,22.3897167095,-390.998393985,206.51408196,1.35258123369
0.0851153123579,1.75679910146,27.0297952184,52.6241731863,None,100,4.40680479498,3,235066.0,269.203304567,815.414149013,-38.8028020949,826.683886022,222.580697745,1.28143501605
0.0851152744571,1.75679673241,27.0297958496,52.6463872382,None,100,4.61586507492,3,235066.0,470.747297434,204.758837582,-31.4509829207,-826.615392555,203.717580891,1.60260293234
0.0851152176565,1.7567972202,27.0297950376,52.6460702368,None,100,4.32461524126,3,235066.0,194.750677181,472.252339298,32.4844522009,280.210677104,192.860936694,1.27400004277
0.0851152674628,1.75679548683,27.0297967125,52.6457704292,None,100,4.59193443908,3,235066.0,446.102649946,651.13281842,16.3581754376,327.132644342,258.254585334,1.16433032193
0.085115179149,1.75679624013,27.0297962686,52.6462681185,None,100,4.49325291168,3,235066.0,349.23754946,838.876767484,31.0003091503,821.936836044,251.87591715,1.57137747656
0.085115256937,1.75680070041,27.0297951919,52.67249152,None,100,4.33012168516,3,235066.0,199.737303904,795.823757325,15.3371664288,-75.6368614476,165.402296285,1.99826807458
0.0851152203239,1.75679746637,27.0297956703,52.6457532844,None,100,4.59945283362,3,235066.0,453.845577841,947.900308776,-20.5360023525,902.277881518,237.749636177,1.9938150289
0.0851152263196,1.75680004794,27.0297981034,52.6536459667,None,100,4.60522094038,3,235066.0,459.701756474,292.549274476,-29.7260444316,-911.920559537,248.768033002,0.845634880015
0.0851152946249,1.75679611924,27.0297952874,52.6460291849,None,100,4.41987347053,3,235066.0,281.070086837,932.70573082,-41.1490360565,938.802652081,288.070981391,1.45296004627
0.0851153155397,1.75680062569,27.0297952332,52.6459756592,None,100,4.35899023769,3,235066.0,225.928985872,399.260507582,28.9740518325,-122.795280464,211.213302992,1.56814719279
0.0851152247516,1.75679756157,27.0297972596,52.645847722,None,100,4.41022880098,3,235066.0,272.294353587,527.841206194,-1.90433407238,407.713017209,283.784878388,1.0393498698
0.0851152387105,1.75679420789,27.0297953638,52.6279120952,None,100,4.56807863855,3,235066.0,422.026660847,77.1636573506,-16.3747792163,-330.181095948,220.014879918,0.91274365364
0.0851151910694,1.75679968143,27.0297971806,52.6492347465,None,100,4.55667246397,3,235066.0,410.655598409,176.885878541,-27.953781544,-241.44034527,186.245795226,1.68381976304
0.0851152173515,1.75679570455,27.0297952214,52.6528223068,None,100,4.23976831619,3,235066.0,111.209744936,187.450021715,13.9942086551,975.23649838,233.118858492,1.61899011493
0.0851152930396,1.75679579544,27.0297961762,52.6459949602,None,100,4.52157694184,3,235066.0,376.368348952,261.964765215,28.101204167,12.8888459051,196.119992159,1.11076506054
0.0851152710305,1.75679806937,27.029795955,52.6896401493,None,100,4.41699296866,3,235066.0,278.454196417,189.611434347,-31.5065734166,445.829107611,204.742636813,1.92713540086
0.0851152193007,1.7567965447,27.0297951394,52.6301820015,None,100,4.30030976166,3,235066.0,172.261687499,644.361273392,41.1409544064,-647.437241484,288.175454726,1.69806327308
0.0851153742161,1.75679555186,27.0297950612,52.6459685897,None,100,4.31121651815,3,235066.0,182.38167357,956.455200559,-24.2689901286,740.582508836,182.518996444,1.81887294754
0.0851152294845,1.75679809998,27.029796637,52.6462973125,None,100,4.21083956893,3,235066.0,70.9869179634,164.519154223,20.0947238832,862.707665681,156.389101674,0.848503228842
0.0851152532081,1.75679561046,27.0297962005,52.6612054558,None,100,4.301914273,3,235066.0,173.716972449,544.937577668,14.6618121516,-178.634420447,264.743652974,1.42693773284
0.0851151383214,1.75679588336,27.0297964932,52.6697258225,None,100,4.61924185717,3,235066.0,474.133564708,347.629452088,30.7011455484,594.913389515,169.628495742,1.80740997355
0.0851152062183,1.75679632479,27.0297970143,52.6459264557,None,100,4.60137434464,3,235066.0,455.736259328,626.357047678,-40.4715065259,-858.695169123,287.724781058,1.97804663367
0.0851151425592,1.75679520558,27.029796785,52.687870083,None,100,4.43184745477,3,235066.0,292.097448058,298.219454114,-18.7945843894,278.589536561,272.545679294,0.843782285781
0.0851152464529,1.75679539487,27.0297967413,52.6453999461,None,100,4.63317752318,3,235066.0,488.816705605,354.246659097,-6.27792204423,245.16838506,156.049571848,0.874283350961
0.0851152241259,1.75679431663,27.0297966852,52.6478884768,None,100,4.49149634774,3,235066.0,347.623861976,751.832815206,47.7745499402,81.4206655126,252.061770059,1.64098290072
0.0851152863606,1.75679662537,27.029795559,52.6474806629,None,100,4.50676018814,3,235066.0,362.120857331,839.245807186,-17.8663379757,295.942677568,250.983306225,1.14180918186
0.0851152745348,1.75679615999,27.0297949807,52.6458129696,None,100,4.30621745181,3,235066.0,177.772132172,629.527276794,-15.6072024664,-913.273146813,250.781082423,1.12787145729
0.0851152776523,1.75679538373,27.0297961983,52.6412014228,None,100,4.64154422502,3,235066.0,497.662574053,603.863525385,-38.5739550686,-223.372094632,199.577571853,1.80944289637
0.085115208836,1.75679663659,27.0297951602,52.6486154376,None,100,4.33272990977,3,235066.0,202.118389224,866.80728278,4.20071540949,-116.621305222,167.062142226,1.83415986722
0.0851152687223,1.75679762113,27.0297952296,52.6459607065,None,100,4.48397397679,3,235066.0,340.446831855,276.444351842,-7.07583070475,-424.384675921,159.666031307,1.72571084577
0.0851152411908,1.75679641545,27.0297950852,52.64855096,None,100,4.27003111278,3,235066.0,143.170501978,800.026067742,-33.4762378957,-271.923423513,188.100726882,1.09495040817
0.0851153088921,1.75679542451,27.0297949379,52.631566138,None,100,4.20430962727,3,235066.0,54.7326058539,765.436570341,24.4644539598,4.34316846079,221.473575428,1.27523497342
0.0851151718763,1.75679545696,27.0297950757,52.6459179691,None,100,4.4710985562,3,235066.0,328.351755504,837.423387115,6.14635174435,-476.202958212,186.681316539,1.20661055444
0.0851153033255,1.7567948727,27.0297963894,52.645586798,None,100,4.60022675802,3,235066.0,454.556913559,262.364346031,29.120802302,-47.2483401409,160.061952702,0.904240574131
0.0851153903421,1.75680205071,27.0297964436,52.6456211765,None,100,4.51589737105,3,235066.0,370.899025924,859.614650649,-37.7379307711,686.445558517,203.337164764,1.31782944603
0.0851151602246,1.75679492062,27.0297970375,52.6461832453,None,100,4.5999526882,3,235066.0,454.237334938,506.191699977,-6.82670077478,-605.565467197,151.918577329,1.90518733073
0.0851152029972,1.75679549727,27.0297951252,52.6497324824,None,100,4.40212913443,3,235066.0,264.96951067,617.874403837,-11.5001741856,-847.536474948,259.100565958,1.45041913154
0.0851152097449,1.75679638556,27.0297968838,52.6624103088,None,100,4.54820652888,3,235066.0,402.398961866,822.922867289,37.4026210897,-670.739841929,183.264095823,1.92366203125
0.0851152850715,1.75679569862,27.0297955256,52.6460180999,None,100,4.58978903082,3,235066.0,443.955317042,914.604663698,46.7737785099,-923.608211315,234.245992974,1.15996846884
0.0851152020228,1.75679586913,27.0297961526,52.6460766533,None,100,4.487818589,3,235066.0,344.119152115,634.086060571,4.27212110472,325.805654878,155.763854981,1.49609899033
0.0851151613408,1.7567960234,27.029796235,52.6459653792,None,100,4.47228608242,3,235066.0,329.458130277,220.656305066,19.0544929362,-587.656333591,185.694418481,1.59330627356
0.0851152693117,1.75679554966,27.0297951718,52.6463104742,None,100,4.29700512688,3,235066.0,169.116116321,651.444845461,45.3934828667,979.53114903,250.248421472,1.30838662657
0.0851152296304,1.75679914673,27.0297950117,52.6467520944,None,100,4.27387115207,3,235066.0,146.925624667,251.753905387,-5.78747944732,-519.901354215,286.271690517,1.36773199362
0.0851152043459,1.75679703385,27.0297950261,52.6462638101,None,100,4.20453503352,3,235066.0,55.5321751015,967.8946349,-38.4754312026,-962.784762914,193.003065386,1.08339970026
0.0851152694358,1.75679755434,27.0297950601,52.6464257843,None,100,4.29524967537,3,235066.0,167.524456094,605.802180718,35.3354749274,647.71882159,196.02527294,1.75821606783
0.0851152777103,1.75679579011,27.0297951991,52.6393171109,None,100,4.28830305009,3,235066.0,161.012317903,819.704612234,-29.7580829345,946.866422079,167.040904891,1.15615111144
0.0851152553943,1.75679783667,27.0297952247,52.6405843666,None,100,4.30131444545,3,235066.0,173.216704537,229.199065681,-37.8131593061,-191.814362315,232.013964726,1.39051829852
0.0851152652565,1.75679605675,27.0297958851,52.645953711,None,100,4.43286530721,3,235066.0,292.959018106,393.91802655,-37.3763933314,-133.872175286,175.097784833,0.894657652933
0.0851152493038,1.75680020365,27.0297951948,52.6468344477,None,100,4.36198133676,3,235066.0,228.654551799,923.526519867,-7.24177740193,-595.55816447,267.596122284,1.71970846242
0.0851151427655,1.7567969067,27.0297952786,52.6593265169,None,100,4.32038751999,3,235066.0,190.853358298,539.777379769,-37.8913253962,-651.101811265,295.787084649,1.79279694166
0.0851153128381,1.7567970003,27.0297965608,52.6464636508,None,100,4.51136626885,3,235066.0,366.490447824,738.22825146,41.3697615192,743.095244582,178.07269836,1.35420196533
0.085115202642,1.7567965478,27.0297967409,52.645967344,None,100,4.43214936646,3,235066.0,292.301207677,671.3862337,26.1017069175,172.720449338,233.583544193,0.949415924017
0.0851153016439,1.75679585763,27.029794957,52.6369850193,None,100,4.20952035382,3,235066.0,68.3410908162,763.856795504,-42.7018380451,-885.861593304,191.754876282,1.0748275674
0.0851152806156,1.7567966484,27.0297974301,52.6458893997,None,100,4.62699191265,3,235066.0,482.332661175,311.842763436,-9.80876685537,-98.2280500002,199.988766626,1.27110405551
0.0851153260602,1.75679642109,27.0297970005,52.6473244068,None,100,4.57758436488,3,235066.0,431.638083242,465.709295784,-40.9252861204,996.462654482,250.367330003,1.86200170939
0.0851153333204,1.7567988018,27.029795008,52.6462904339,None,100,4.27921187329,3,235066.0,152.244577016,54.4615807137,40.2758946847,-147.48262012,192.266815091,1.7611288717
0.0851151740081,1.75679538438,27.0297950915,52.645958085,None,100,4.20897476609,3,235066.0,67.236325847,943.744403371,-6.05657132005,323.543971286,191.234810671,1.72028707415
0.0851151436064,1.75679163644,27.0297971029,52.6458370526,None,100,4.41922598754,3,235066.0,280.458815423,950.851111252,0.0168763682679,808.381219951,229.824957299,1.72654099132
0.085115238659,1.75680020821,27.0297983648,52.6448824186,None,100,4.34759958207,3,235066.0,215.648760878,939.182555061,-0.503499490612,-369.007653288,250.186240285,1.89894476861
0.0851153490356,1.75679520474,27.0297970757,52.6460014436,None,100,4.49544106902,3,235066.0,351.263242098,573.844329076,15.6278472792,-929.479649996,172.159999266,1.81400325047
0.0851152527301,1.75679648101,27.0297949808,52.6435246015,None,100,4.21875397019,3,235066.0,84.3496162353,982.853791817,-2.42890579362,-732.963409514,201.73297713,1.59295262344
0.0851152625352,1.7567978095,27.0297963396,52.6533161354,None,100,4.45387548981,3,235066.0,312.295902926,669.311702262,40.0927294407,829.330550807,204.284258055,1.89033829817
0.085115292739,1.75679657202,27.0297950311,52.6491737394,None,100,4.32494462336,3,235066.0,195.066485038,648.725453238,-18.6775280058,848.391269663,217.959548067,1.28247273695
0.0851153200939,1.75679606142,27.0297962846,52.6460971217,None,100,4.41816045574,3,235066.0,279.569319916,869.831409421,-43.4135346896,978.221628254,200.517802845,1.99385375371
0.0851152870911,1.75679771839,27.0297965371,52.6463136092,None,100,4.4359872641,3,235066.0,295.896153556,623.977500484,-44.8793185401,-770.039776166,242.920424074,1.17821822603
0.0851152928308,1.75679700149,27.0297961705,52.6459072902,None,100,4.55543622263,3,235066.0,409.582961117,306.443919529,41.1529589874,-86.5577558282,231.788390318,0.83717681311
0.085115325322,1.75679592821,27.0297950939,52.654355751,None,100,4.29868926898,3,235066.0,170.754631886,958.910009769,24.5319862518,-949.630965881,287.119783096,0.924896688994
0.0851152639252,1.7567967191,27.0297956807,52.6472045894,None,100,4.43635004318,3,235066.0,296.140667771,252.016154109,-31.3914889649,-870.914534482,225.3286447,1.75162541553
0.0851153037968,1.75679553245,27.0297950568,52.6452444361,None,100,4.28997932132,3,235066.0,162.482635618,921.278625467,20.3127152097,-166.761415316,259.790240713,1.0352067791
0.0851152348583,1.75679569064,27.0297971333,52.6459078681,None,100,4.64317020317,3,235066.0,499.376967356,75.6757616086,18.728808273,-112.058558405,270.034302962,1.07965953985
0.0851152219296,1.75679624518,27.0297967343,52.6355977007,None,100,4.59048365233,3,235066.0,444.580683692,834.807755341,24.3365595555,975.871284898,180.553983646,1.50025076566
0.0851153101128,1.75679698677,27.0297960444,52.6440461121,None,100,4.39587776417,3,235066.0,259.246675861,701.524277316,1.45768620375,315.730973113,160.879107468,0.812391700949
0.085115236404,1.7567962192,27.0297950751,52.643954103,None,100,4.20722932324,3,235066.0,63.2377209444,749.669971966,14.234305621,253.514768465,240.688041701,0.88555663017
0.0851153438469,1.75679533835,27.0297958625,52.645726003,None,100,4.48379912682,3,235066.0,340.254643635,440.427100506,2.28261848496,611.279458032,226.071355531,1.94677829847
0.085115241835,1.75680063854,27.0297974134,52.645780774,None,100,4.37673218232,3,235066.0,241.931861453,247.317080925,45.5530348926,586.649672975,285.778817129,1.60749913387
0.0851153065438,1.75679626242,27.0297950086,52.646544289,None,100,4.30239829191,3,235066.0,174.188026415,752.049307275,-40.9982268805,376.406637129,159.394055378,1.91449703672
0.0851152942422,1.75679649437,27.0297950018,52.676074031,None,100,4.20659525238,3,235066.0,61.7118358918,70.4026503254,41.475708064,-931.420293571,270.626442326,1.94942402904
0.0851152471146,1.75679558099,27.0297968693,52.6587382165,None,100,4.20846769634,3,235066.0,66.1169032085,377.357325568,-8.35264005456,368.989755605,153.569813143,1.18105620828
0.0851151689423,1.75679546625,38.0279718273,52.6457044625,None,100,4.57119788084,4,249066.0,347.468730496,947.737830874,-37.1478455003,197.102614109,158.375090825,1.71858993614
0.0851152697637,1.75679490656,38.0279692282,52.6435871971,None,100,4.70356697536,4,249066.0,486.926048245,327.694467319,-45.2013409497,-680.150066523,192.130070208,1.41936563448
0.0851152758489,1.75679558559,38.0279689101,52.6456099358,None,100,4.55194627062,4,249066.0,326.876101837,705.982958901,-23.9373151494,-846.296773892,174.27017685,1.91261244737
0.08511524217,1.75679518306,38.0279674398,52.6458340383,None,100,4.38512712256,4,249066.0,67.6836970049,702.867468167,1.95530932743,-895.522322112,227.458940279,0.83009067728
0.085115245483,1.75679715012,38.0279673102,52.6691879665,None,100,4.45666740841,4,249066.0,217.379176645,681.520893629,-49.3111976703,922.060805466,176.591855822,1.1903012211
0.085115182066,1.7567962091,38.027967396,52.6459994935,None,100,4.47833423162,4,249066.0,244.101461879,812.259615877,10.6202223392,994.297281459,198.266023999,1.64676306121
0.0851152286278,1.75679751791,38.0279685876,52.6459338154,None,100,4.56070908034,4,249066.0,336.28169857,207.183711217,41.0308481144,399.744139982,173.050202513,1.09398843215
0.0851153039715,1.75679556603,38.0279673931,52.6528058124,None,100,4.44275268209,4,249066.0,198.98002699,481.670124037,-9.57468755076,-954.171760822,196.881126408,0.810778203249
0.0851152212093,1.75679495113,38.027967495,52.6459211519,None,100,4.62357673355,4,249066.0,402.955813192,529.819566598,-33.6441255314,222.887112923,156.947833783,1.92083484881
0.0851151484998,1.75679568799,38.0279674434,52.6460379253,None,100,4.56136372901,4,249066.0,337.027832809,953.696256893,-6.62155768342,-958.655310094,180.111169276,1.07638060142
0.0851151527495,1.75679514716,38.0279697238,52.6451848186,None,100,4.5675856136,4,249066.0,343.668325364,927.129370793,17.9897385981,609.946826201,277.865660955,1.10336753431
0.0851151700432,1.75679479432,38.0279683123,52.6487808622,None,100,4.57790956118,4,249066.0,354.652699398,399.954011727,14.9281869633,-328.13579461,269.690349981,1.37625267058
0.08511520309,1.75679521233,38.0279686765,52.6468230612,None,100,4.64479971272,4,249066.0,425.251958333,324.131473626,-37.1740758821,714.47653242,202.873594745,1.76696443079
0.0851151977976,1.75679958665,38.0279699243,52.6442590945,None,100,4.64843130115,4,249066.0,429.122184692,139.923885721,34.3763653815,-806.447090054,258.606109562,1.38437872892
0.0851152956814,1.75679671938,38.0279694906,52.6458101456,None,100,4.66868437113,4,249066.0,450.352242795,309.783502707,-26.0238124514,-902.59126963,241.921676442,1.67205506442
0.0851152023436,1.75679752485,38.0279678288,52.6463356159,None,100,4.62125782035,4,249066.0,400.592946817,298.644514677,-42.2692185062,468.041470111,296.284820024,1.93447097194
0.0851153294206,1.75679683222,38.027968413,52.6460742059,None,100,4.66261736696,4,249066.0,443.987256803,265.936853168,47.7661951246,-428.893862211,290.70454935,1.19444172983
0.085115216189,1.75679591757,38.0279705634,52.6459062646,None,100,4.66117582061,4,249066.0,442.420898228,629.849301694,12.1331698542,-312.799513801,153.095904319,1.5102681152
0.0851152727109,1.75679693492,38.0279698498,52.6459505781,None,100,4.64952402763,4,249066.0,430.196522553,651.127243107,23.7161996382,373.161079518,281.794121491,1.78639588407
0.0851152319031,1.75679538687,38.0279691845,52.645972673,None,100,4.67915373792,4,249066.0,461.377477908,371.724957265,19.4922022114,747.375332708,191.63791005,1.95137201519
0.0851152353554,1.75680046386,38.0279697315,52.6475982775,None,100,4.54178236602,4,249066.0,315.798091455,684.513771893,-30.330623922,896.460418552,205.973554575,1.4710671329
0.0851151762713,1.75679802303,38.0279676386,52.6460577008,None,100,4.50765919636,4,249066.0,278.071238537,967.051283031,43.039753519,-527.57713492,195.340540458,1.00749471464
0.0851151654969,1.75679547866,38.0279692642,52.6442551077,None,100,4.54278974116,4,249066.0,316.87229514,715.833354111,7.62489656125,816.120008175,280.175770964,1.22518225452
0.0851152511146,1.75679837766,38.0279675711,52.646955334,None,100,4.41657045582,4,249066.0,159.607126806,889.797287361,16.817974813,392.120782269,202.687228328,1.20425591343
0.0851152167663,1.75679578248,38.0279691007,52.6692986457,None,100,4.5591578541,4,249066.0,334.617270676,136.247188988,-9.36853675559,-871.908239366,182.591081281,1.80373639394
0.0851152860279,1.75679731497,38.027970411,52.6247225275,None,100,4.59804834514,4,249066.0,376.057537433,701.926801189,49.9782361939,-904.354572516,261.654713782,1.85803609916
0.0851152266601,1.75679946339,38.0279674036,52.6461812907,None,100,4.43016643354,4,249066.0,181.093811426,615.109066134,-35.7086530757,-968.808610855,184.513277066,1.65705826361
0.0851152504622,1.75679675163,38.0279700833,52.6459613641,None,100,4.67993639972,4,249066.0,462.302963939,959.349130694,-15.5500968417,-572.51792884,209.978326352,1.12189560983
0.0851152540935,1.75679645208,38.0279683171,52.6462392719,None,100,4.51809688567,4,249066.0,289.681779015,379.8662706,-17.5600362552,-172.566020253,211.902968292,1.69042657996
0.0851153491743,1.75679452254,38.0279681674,52.6199967194,None,100,4.53343502227,4,249066.0,306.61493314,953.257427394,-40.0233693377,-586.419863389,171.984968814,1.08292610378
0.0851152076099,1.75679680773,38.0279672526,52.6458867818,None,100,4.41077906261,4,249066.0,149.304970888,285.318837497,-20.5685427464,745.502244579,279.575786702,1.93201571988
0.0851152250252,1.75679555219,38.0279676674,52.6460131616,None,100,4.38564512205,4,249066.0,73.3830037195,276.74431255,-23.1764363846,925.979427524,165.80411075,1.91194376425
0.0851152306697,1.75679688237,38.0279682014,52.6680445761,None,100,4.67202203932,4,249066.0,453.800965166,536.443689215,32.1287130828,309.493978516,157.584435448,1.38155849297
0.0851152643954,1.75679715354,38.0279672636,52.650754099,None,100,4.41510322432,4,249066.0,157.039985272,117.712719507,-34.3479456807,-487.945150111,232.234983107,1.43835367654
0.0851152646398,1.75679878887,38.027969824,52.6342963288,None,100,4.50704558695,4,249066.0,277.278355264,906.159980863,-4.90544177205,760.905209397,150.383502874,1.7291476176
0.0851152545719,1.7568019974,38.0279699078,52.648626066,None,100,4.54247836951,4,249066.0,316.556576363,748.887938515,27.2004585442,-228.633167701,297.931224718,1.67530400047
0.0851152219301,1.75679678285,38.0279673269,52.6487007874,None,100,4.40869871207,4,249066.0,145.380884874,165.055326378,32.3164347016,-57.9953667495,189.085125688,1.32325537516
0.0851152642205,1.75679977751,38.0279687835,52.6389643845,None,100,4.4686398277,4,249066.0,232.321651955,631.895132256,38.424448976,-705.301580958,212.179603176,1.33940355407
0.0851152182226,1.75679604869,38.0279672097,52.6461703138,None,100,4.38594230379,4,249066.0,75.9302900058,704.196738438,-48.0362673296,33.8741860277,289.517839593,1.54306123589
0.0851152267833,1.75680340276,38.0279682174,52.6432582083,None,100,4.54094105907,4,249066.0,314.887276631,993.882931614,10.9208149133,9.46061524342,296.105627575,0.911098656364
0.0851151995929,1.75680222723,38.0279673541,52.6494896851,None,100,4.43400775727,4,249066.0,186.659550059,80.052882176,37.8246020524,-190.765011787,153.401070595,1.26415367159
0.0851152322182,1.75679742321,38.027967325,52.6460221189,None,100,4.61582756709,4,249066.0,394.832206802,875.036638362,14.5043561277,164.214332354,220.564766617,1.46335705042
0.0851152343656,1.75679609845,38.027970464,52.6852049927,None,100,4.49971732406,4,249066.0,268.965004227,659.945103265,25.4739843411,-777.957690422,219.581610509,1.9867621401
0.0851152428651,1.75679251318,38.0279671843,52.6452049122,None,100,4.38485665727,4,249066.0,63.7895377436,191.441745735,22.6822455328,227.848354113,271.077007995,1.41074894718
0.0851151956276,1.75679806077,38.0279674356,52.6428209047,None,100,4.47343688076,4,249066.0,238.13808008,641.281558785,-24.0959400862,316.123762175,182.713984074,1.04116725597
0.0851152660414,1.75679756267,38.0279698066,52.6462894832,None,100,4.70060502691,4,249066.0,483.929648957,756.510653478,40.3240097123,370.973016406,188.601821791,1.18510933597
0.0851152674304,1.75680067997,38.0279688048,52.6410706071,None,100,4.57516627663,4,249066.0,351.83618074,482.213591523,-24.3399235298,-310.233113391,271.633995983,1.63854082923
0.085115313123,1.75680181494,38.027968269,52.6461461382,None,100,4.44780677092,4,249066.0,205.804155144,950.259446547,35.1873048805,-565.683965285,242.309984012,1.43943215174
0.0851151471885,1.75679561813,38.0279692891,52.6441228494,None,100,4.67656005021,4,249066.0,458.584557794,904.853615293,39.7788674118,782.802182366,181.078054242,1.62358034417
0.0851152651256,1.75679597651,38.027968369,52.6463403486,None,100,4.56942389836,4,249066.0,345.624977728,77.6934229045,-5.49896371144,-681.726813164,224.370479775,1.67583392834
0.0851151933851,1.75679804236,38.0279691415,52.6373199165,None,100,4.53315887482,4,249066.0,306.328002411,160.360977163,-47.727648835,-463.752192122,219.511232239,1.21124739392
0.085115251845,1.75680015812,38.0279696249,52.6465940492,None,100,4.67635326255,4,249066.0,458.425478504,894.779338433,34.4081889453,-932.336528641,240.790500361,1.98029020586
0.085115280151,1.75679819628,38.0279689087,52.642437087,None,100,4.7108477151,4,249066.0,494.628077701,446.571190313,-8.84711990866,258.681051134,203.48646956,1.47390735127
0.0851151238218,1.75679608945,38.0279682349,52.6459857068,None,100,4.55897719768,4,249066.0,334.360289388,520.50354395,-21.7524397993,939.858428574,151.774548213,1.6083787175
0.0851151917569,1.75679643867,38.0279674629,52.6967825447,None,100,4.39096713438,4,249066.0,101.569294819,481.15035081,-31.7206248213,-232.135123099,269.698063362,1.5822886158
0.085115271328,1.75679714838,38.0279674882,52.6459708207,None,100,4.39190480548,4,249066.0,104.734260585,619.068020089,-19.3375330882,472.040400834,239.491251397,1.30763907232
0.0851152882263,1.75680355254,38.0279672382,52.6442568018,None,100,4.52544419225,4,249066.0,297.852524864,215.644977012,-6.17759243198,150.610108879,233.993807078,1.96792338994
0.0851152563237,1.75679613577,38.0279674599,52.6462680725,None,100,4.6046951481,4,249066.0,383.054654688,875.147647928,33.0987429729,436.652451614,282.201800603,1.83567982093
0.0851151771716,1.75679850192,38.0279674136,52.6507624194,None,100,4.42947388298,4,249066.0,180.046315009,915.918493789,16.7939421001,-567.779212265,263.834334103,1.59604195227
0.0851152609823,1.75679682804,38.0279746653,52.6455630053,None,100,4.50724005412,4,249066.0,277.546691825,686.461955408,-1.38310346794,418.745540287,169.74636577,1.8508221847
0.0851152099873,1.75679677089,38.0279686233,52.6460248479,None,100,4.47441203073,4,249066.0,239.368234817,214.727049586,34.6476315653,-814.53968472,171.489754608,1.54850339436
0.0851152090483,1.75679737659,38.0279694187,52.6458609487,None,100,4.49150558702,4,249066.0,259.498287059,176.963768092,-25.7824892129,-257.93781027,274.539006107,1.74859217964
0.0851152435643,1.75679453943,38.0279690278,52.6260559129,None,100,4.48855802667,4,249066.0,256.109619957,65.2834168208,-20.5907414315,-387.840178653,152.006512731,0.938311629898
0.0851151868878,1.75679611469,38.0279673679,52.6528998497,None,100,4.39668857737,4,249066.0,118.892685155,616.311177083,-22.4057088548,604.623563503,196.883157416,1.89291901008
0.0851151703404,1.75679569973,38.0279674368,52.6460335567,None,100,4.40215222375,4,249066.0,132.023953177,274.852171472,22.5665473077,-696.731003632,245.807458787,0.988609750762
0.0851151767433,1.75679816209,38.0279675102,52.7601954697,None,100,4.39400667567,4,249066.0,111.387836369,537.394275179,2.0831504907,-748.62898285,275.210546467,1.29095553365
0.0851152588103,1.75679724058,38.0279713192,52.6459323835,None,100,4.63430673438,4,249066.0,414.349720086,660.111256183,30.4146255692,-178.168764355,171.579335173,1.39040144107
0.0851152988084,1.7567972451,38.0279697395,52.6466465417,None,100,4.45833208704,4,249066.0,219.504004979,281.149519905,-30.6292292646,-722.475000923,246.231726137,1.30736683188
0.0851151623465,1.75679539496,38.0279676581,52.6468357111,None,100,4.52320175447,4,249066.0,295.388592312,274.09765837,17.7670228837,467.748668175,208.17247231,1.25324277768
0.085115262864,1.75679623818,38.0279672241,52.6526049391,None,100,4.46760729183,4,249066.0,231.167693392,630.610464981,24.2158654233,-102.939255777,153.37495294,0.89803719596
0.0851152728971,1.7567958994,38.0279677209,52.6459282515,None,100,4.38479359322,4,249066.0,63.1519203982,815.549463093,-3.82513251062,-228.465067435,244.87016212,1.4614208444
0.0851151934932,1.75679578061,38.0279674857,52.6459905001,None,100,4.48548162932,4,249066.0,252.559027788,339.213391044,-8.38021186014,-905.833533978,232.728604679,1.6878245111
0.0851153064463,1.75679462945,38.027969592,52.6509738481,None,100,4.56996873897,4,249066.0,346.205868433,471.383640075,24.9784469224,682.076766976,245.534497745,1.54089978676
0.0851152621403,1.75679525116,38.0279693388,52.6455403937,None,100,4.70228653085,4,249066.0,485.666248764,246.898332886,-44.8160293454,840.096145644,259.291699502,1.29483970253
0.085115302561,1.75679599423,38.027969417,52.6438972514,None,100,4.62367740082,4,249066.0,403.166948087,718.015750297,-6.79424624098,-934.868823663,152.564295505,1.08787842709
0.0851151884897,1.75680046491,38.0279704054,52.6460293441,None,100,4.54904716415,4,249066.0,323.680655743,545.490724287,48.463450264,-496.912559268,253.293191793,1.7532059643
0.0851152819248,1.75679578844,38.0279695877,52.6458739992,None,100,4.56295739285,4,249066.0,338.646643411,789.021330091,48.0429939471,319.300093761,212.379519854,1.72255746829
0.0851151758324,1.75679601314,38.0279677642,52.6460850914,None,100,4.59271771008,4,249066.0,370.461738732,340.790743047,-24.8894614482,-900.460092564,270.868366975,1.60072532611
0.0851152385884,1.75679589873,38.0279673828,52.6457791465,None,100,4.43071209886,4,249066.0,181.87668406,202.816376134,29.4870169384,-721.423416814,208.956687101,1.77187771807
0.0851152718248,1.75679960926,38.0279678781,52.6456394582,None,100,4.5007085038,4,249066.0,270.086801309,753.602363021,45.5286653779,154.854835389,281.379715887,1.83952580289
0.0851152325617,1.75679785408,38.0279675628,52.6460848139,None,100,4.62608120923,4,249066.0,405.604193914,304.718052222,37.6583102756,-33.2898173537,257.156645892,1.91476900643
0.0851152350411,1.75680101669,38.0279672026,52.6462097161,None,100,4.44183476734,4,249066.0,197.737068245,395.689435366,-4.48276410451,591.632152646,266.025871588,1.13521908964
0.0851152746583,1.75679661755,38.0279688865,52.6463055964,None,100,4.45972382648,4,249066.0,221.236112978,93.9860636575,-20.6660989625,604.049030171,246.511908006,1.47715598882
0.0851152441977,1.75680023391,38.0279674431,52.6462391429,None,100,4.39264937385,4,249066.0,107.179611092,407.273102682,-41.9593514418,-468.53764676,218.196247153,0.857499023132
0.0851152271129,1.75679684692,38.0279685072,52.6459846062,None,100,4.58876596991,4,249066.0,366.206913989,413.743197127,24.1706768733,-755.951232682,284.551772783,1.10710632884
0.0851153257472,1.75679501384,38.0279690554,52.6457959446,None,100,4.67269245922,4,249066.0,454.581662348,775.977555135,12.3789158386,66.4524706408,263.903064586,0.862538298589
0.0851152269759,1.75679533759,38.0279694969,52.6459280402,None,100,4.68727441694,4,249066.0,469.838841157,218.067732074,-41.7593612306,648.308280906,281.306303501,1.98672801516
0.0851152174674,1.75679595882,38.0279674493,52.6459606063,None,100,4.67609565427,4,249066.0,458.200645599,873.847182653,23.7681999303,-487.384512348,173.750114119,1.05045233623
0.0851151735532,1.75680005572,38.0279688032,52.6461114803,None,100,4.62028225492,4,249066.0,399.485553723,98.6245694072,-24.5729778069,-785.03263333,168.735166072,1.58596884615
0.0851151975327,1.75679542022,38.0279677019,52.6291263022,None,100,4.41508451987,4,249066.0,157.016380657,493.843050931,-25.4248093011,701.198152423,288.412056357,1.49431741
0.0851152497383,1.7567981392,38.0279689574,52.6473995206,None,100,4.57429891547,4,249066.0,350.804649542,966.15040263,-39.8521335669,-434.831876115,215.12585357,1.23277094379
0.0851153135534,1.75679636773,38.0279686069,52.639329021,None,100,4.4983241174,4,249066.0,267.42624374,515.040218537,-7.96932708008,-66.4980996133,260.576204065,0.930600718828
0.0851152727767,1.75679560138,38.0279675549,52.6442526535,None,100,4.38445021871,4,249066.0,53.2150602092,450.36803299,23.0982022577,-251.094721959,217.630690001,1.18442840228
0.0851151965965,1.75679626186,38.0279676422,52.6472101943,None,100,4.53192043475,4,249066.0,304.916010914,765.585548657,9.97503626749,852.255228687,216.131977287,0.881732120837
0.0851153208676,1.75680024776,38.0279679248,52.6388963715,None,100,4.56275696061,4,249066.0,338.505313442,786.608836084,-45.7355749943,-229.891282577,176.39002356,1.74296893495
0.0851151720749,1.75679562611,38.0279687586,52.6463591855,None,100,4.52488995806,4,249066.0,297.231617909,86.8258484103,-14.8447985641,-607.889567106,294.640282986,1.25982251159
0.0851152511921,1.75679104732,38.0279673635,52.6849754404,None,100,4.38439147408,4,249066.0,50.4084173061,335.643512196,7.42291698552,-855.554835103,214.877974787,1.92944943619
0.0851152327373,1.75680079896,38.0279686296,52.6465964939,None,100,4.53013140649,4,249066.0,303.022007945,568.73259566,10.3792856983,587.418659395,162.201275367,1.49863435377
0.0851151931265,1.75679638619,38.0279674971,52.6343241611,None,100,4.38776401514,4,249066.0,87.8636764234,947.368411926,32.3879556597,-717.801902307,291.977998467,1.00845390914
0.0851152020923,1.75679527004,38.0279694171,52.7705918294,None,100,4.39752055293,4,249066.0,121.058918887,650.660859795,-44.5316621602,572.59636062,189.648934905,0.921724809689
0.0851153002384,1.75679626466,38.0279695482,52.6459848173,None,100,4.61447373238,4,249066.0,393.407271915,777.871572304,45.4036277354,973.398912569,190.268948207,0.937224880124
0.0851152243235,1.75679682335,38.0279675229,52.6951949357,None,100,4.3848847962,4,249066.0,64.4223210191,614.289107798,-19.851247374,-961.102548031,237.868870643,1.52670378297
0.0851151525987,1.75679596695,38.0279702819,52.6458856221,None,100,4.64751319085,4,249066.0,428.126179578,489.265429214,-21.7321028852,641.685522218,294.391551841,1.50751814267
0.0851151632213,1.75680299085,38.0279690937,52.6452149741,None,100,4.50160107174,4,249066.0,271.175249964,239.758416121,-21.4164822475,158.944038851,296.780915169,1.35998079728
0.0851152059262,1.75680105963,38.0279672449,52.6459132493,None,100,4.41354157996,4,249066.0,154.343475966,932.819973495,-16.4799673282,490.630308678,154.178013358,1.79526880414
0.0851152965433,1.75680036,38.0279690811,52.6462374496,None,100,4.50186486288,4,249066.0,271.431520577,970.181507796,24.5119241194,-390.832687187,204.645861637,1.32346068214
0.0851152121654,1.75679769672,38.0279690815,52.6646849814,None,100,4.58487703353,4,249066.0,362.051138412,993.704276076,-29.9565674721,168.518404129,240.154291944,1.02370758201
0.0851153068013,1.75679954274,38.0279690349,52.6468305163,None,100,4.50227054709,4,249066.0,271.906486439,223.312692335,49.9717295851,132.257949526,276.169513628,1.0066977003
0.0851152579914,1.75679630364,38.0279691815,52.6460462771,None,100,4.50672947482,4,249066.0,277.017319026,266.783549038,-20.7932345479,-72.6310749195,291.497637325,1.18883153598
0.085115208175,1.75679472032,38.0279706005,52.6459662014,None,100,4.65590043974,4,249066.0,436.904092232,622.808480784,39.9518687318,-530.059073759,292.115915616,1.57263205578
0.0851152763056,1.75680037434,38.0279683722,52.6779795967,None,100,4.57924077012,4,249066.0,356.011964235,328.837409315,6.6695296063,671.547585485,214.076085946,1.80002052582
0.0851152499755,1.75679673572,38.0279674206,52.6473568826,None,100,4.41502078897,4,249066.0,156.913455437,802.971950035,12.3068023548,119.924551914,173.109047013,1.6950927085
0.0851152286358,1.75679495307,38.0279705458,52.7203439009,None,100,4.61185701814,4,249066.0,390.650480769,293.695839434,17.4597044099,-284.863886673,267.631605951,1.05070219441
0.0851152465684,1.75679602623,38.0279688015,52.6454178197,None,100,4.66422405751,4,249066.0,445.634864415,620.766934429,-7.42220343582,18.0991836874,151.439248818,1.20887359638
0.0851151297213,1.75679923752,38.0279673332,52.6473709007,None,100,4.43901624275,4,249066.0,193.80687569,235.674309181,-27.9883427586,825.767557703,275.257513551,0.861151758198
0.0851152394801,1.75680020914,38.0279674143,52.6738426242,None,100,4.45016162021,4,249066.0,208.94953945,542.860150485,44.647121736,242.560079442,169.3850407,1.36221579928
0.0851151956159,1.75679544529,38.0279693684,52.6421051595,None,100,4.65269001243,4,249066.0,433.549664986,435.802908428,37.795900792,721.28029924,236.97865269,1.57504388762
0.0851152344709,1.75680038608,38.0279674006,52.6460285396,None,100,4.42432440039,4,249066.0,172.248436919,317.450408881,-23.6470920504,591.657549869,155.341733939,1.56538668404
0.0851153210875,1.75679617438,38.0279709575,52.6478523808,None,100,4.62812259124,4,249066.0,407.795259803,970.047177983,33.0214464127,-719.214640701,191.408882975,1.55282663982
0.085115122796,1.75679549302,38.0279692562,52.6569200712,None,100,4.6445168655,4,249066.0,424.991653965,536.02804954,26.8053254893,106.568557829,207.654662643,1.98977018184
0.0851152201903,1.75680135891,38.0279672071,52.6459840391,None,100,4.4309764312,4,249066.0,182.360601846,377.296958768,39.1166093401,-596.486767713,200.356665126,1.058281462
0.0851152620306,1.7567959489,38.0279707437,52.6459423341,None,100,4.4472129996,4,249066.0,204.997757171,200.717840785,-11.6650503748,969.883580224,170.897984611,0.950909350396
0.0851153467141,1.75679560596,38.0279681159,52.6460601328,None,100,4.62652905036,4,249066.0,406.094112156,868.895797863,-11.932961221,992.890988553,197.412003469,1.09872127376
0.0851152249482,1.75679456473,38.0279706056,52.6467997648,None,100,4.51212701518,4,249066.0,283.083798159,464.031669825,5.57963653557,-740.036406405,293.688342749,1.67138864922
0.0851153260591,1.75679702435,38.0279700953,52.6460264914,None,100,4.53099930454,4,249066.0,303.926001167,756.029404393,14.6550666455,-728.272555595,218.412590498,1.19340483157
0.0851152855701,1.75679734155,38.0279675126,52.6459600719,None,100,4.42718283466,4,249066.0,176.57901893,105.796666412,-4.0998352569,378.515529079,265.972718801,1.76937527684
0.085115293496,1.75679667357,38.027967269,52.6434711568,None,100,4.44020023826,4,249066.0,195.470907526,855.534874151,-45.2808888172,-875.15244265,278.250530606,1.04191445703
0.0851152485608,1.7567980243,38.027967368,52.6465288368,None,100,4.4197362928,4,249066.0,164.866798134,115.877051536,2.88940656845,626.299934778,248.508333955,1.49796237208
0.0851152680461,1.75679969473,38.027967416,52.6463221886,None,100,4.38800538071,4,249066.0,89.184119641,639.420312506,36.5188688381,-61.4861180331,232.337507463,1.4321845717
0.0851152815961,1.75679866366,38.0279694512,52.6296924276,None,100,4.64827881834,4,249066.0,428.93398179,221.803198713,-26.6449793624,674.647656447,215.042127292,0.901807850535
0.0851152373386,1.75679459896,38.027967342,52.6478139002,None,100,4.38464280626,4,249066.0,60.9043699828,874.983261486,5.06068571934,768.577356274,223.922090887,1.40437691732
0.0851151530505,1.75679429927,38.0279675043,52.6423162908,None,100,4.46207561414,4,249066.0,224.301855643,227.127237496,49.0341958357,-353.967441517,289.778073361,1.97723430498
0.0851152168915,1.75679628643,38.0279728887,52.6418778472,None,100,4.48044601259,4,249066.0,246.614393037,347.90918953,44.2531730558,102.061745744,173.717362397,1.4819145979
0.0851152540241,1.7567995994,38.0279676781,52.645320198,None,100,4.39320544714,4,249066.0,108.993508794,924.770699992,16.2513992967,-299.476544128,161.180981549,1.26120316043
0.0851152305833,1.75679555351,38.0279673848,52.6458002855,None,100,4.43777084054,4,249066.0,192.029336574,867.676294418,-47.9083819515,-351.424034688,296.324234366,1.4407356816
0.0851151291279,1.75679849745,38.0279693616,52.6579263803,None,100,4.59891157085,4,249066.0,376.985459174,132.876296384,-49.5847463021,741.697117942,217.928490436,1.54455559547
0.0851152405891,1.75679738436,38.0279688885,52.6303960262,None,100,4.54671509275,4,249066.0,321.146426312,618.985309831,25.558003083,-886.313796186,268.663254445,1.23055558621
0.0851151670004,1.75679524121,38.0279702818,52.6456324626,None,100,4.60005851834,4,249066.0,378.19639043,129.378443033,9.48503735557,-136.311848947,183.233152165,1.11208176205
0.0851152582692,1.75679555579,38.0279673255,52.6463610837,None,100,4.58707166855,4,249066.0,364.401430609,294.826148301,30.8614112331,235.934481572,160.315321404,0.823708125105
0.0851151695863,1.75680096983,38.0279687122,52.646198159,None,100,4.50978304349,4,249066.0,280.369002885,161.706361354,22.8373984325,60.3477063071,271.277252881,1.84070627804
0.0851152870289,1.75679652482,38.0279678231,52.6460158121,None,100,4.52159163371,4,249066.0,293.55353303,156.479062311,-41.2779804677,-728.30894306,196.852871983,1.44199458134
0.0851152924932,1.75679923347,38.0279714082,52.6482274439,None,100,4.38525361816,4,249066.0,69.4635650556,677.411217648,29.910221792,897.871020131,191.665159666,1.00019418651
0.0851152543833,1.75679657925,38.0279694989,52.6457055544,None,100,4.58449211702,4,249066.0,361.704144209,496.420697793,-47.6644485947,-362.16647004,275.866120953,1.04262411773
0.0851151956518,1.7567962497,38.0279674384,52.642038979,None,100,4.38449620919,4,249066.0,54.9448555185,147.278783602,-12.5077911854,-405.826983719,279.695067735,0.916236715937
0.0851151252205,1.75679771401,38.0279697904,52.6493215878,None,100,4.70532130974,4,249066.0,488.82964385,348.760150831,28.6480250689,-690.304207032,161.967215469,1.30459430022
0.0851151340372,1.75679458906,38.0279693355,52.645665791,None,100,4.51926883285,4,249066.0,290.992604453,297.000930583,34.3321243535,774.654535777,293.200966424,1.56064771623
0.0851151890164,1.75679736438,38.0279699206,52.646039363,None,100,4.68328762302,4,249066.0,465.625508067,932.068121889,-25.2876703257,801.371052833,294.934516115,1.12978853246
0.0851152488527,1.75679290369,38.0279703324,52.6457712669,None,100,4.68816152412,4,249066.0,470.814674375,555.12572028,-15.1747486945,273.222217129,199.620490887,1.73993168372
0.085115251171,1.75679660675,38.0279694847,52.6459856063,None,100,4.65128289744,4,249066.0,432.09326916,754.222944386,13.2419429112,149.500298594,211.411715183,1.58145268004
0.0851152375843,1.756796604,38.0279704882,52.6853942192,None,100,4.68034531077,4,249066.0,462.601228785,532.832323268,-23.6949431061,-26.9813416922,275.167211367,1.6102067296
