Dist_1_2,Dist_1_3,Dist_2_3,InertialTensor,Interference,Ixx,Iyy,Izz,Mass,Angle,BattX,BattZ,CompX,CompZ,GyroX,GyroZ
1201.62937216,1018.30575513,2192.26777485,388009884236.0,2,65667692033.4,136559762343.0,185782429860.0,6277.425472843556,179.700750934,494.418910638,163.925445629,-619.905315394,-289.571094796,908.38290014,29.2147800187
1133.22099055,891.860310486,1995.0,375085239149.0,0,64554090078.5,131206295108.0,179324853962.0,6277.425472843556,169.492554859,-57.6848531562,172.597257856,-532.571068021,-393.270031769,-890.929972022,-46.7670508753
1412.69117992,1227.56725674,1995.0,375574392914.0,0,64537851324.0,131504265011.0,179532276579.0,6277.425472843556,168.970806082,808.808162027,295.170674128,-635.196481746,-192.73083961,-645.444070722,-23.9697656693
1163.30173083,915.119681452,2003.10150381,379956232940.0,0,64859431199.3,133365659427.0,181731142314.0,6277.425472843556,172.142024554,365.448730049,267.969560208,368.817139658,-165.943116441,548.37588046,12.2185590332
1135.81577828,1078.93242893,2083.94282647,374035727342.0,0,64246715872.5,130993074259.0,178795937211.0,6277.425472843556,166.401665812,-330.946468606,188.884838444,602.32275733,-183.128305833,-694.345412561,-7.52780695625
1157.9680059,912.723568939,2000.71445253,372014980740.0,0,63793064182.5,130457845476.0,177764071082.0,6277.425472843556,161.447531763,-737.757204048,259.690803258,-189.590306751,-305.215698236,150.931363129,7.28314429081
1232.82501354,1046.50221221,1996.1734353,379555673861.0,0,65618007241.1,132408624019.0,181529042602.0,6277.425472843556,179.034923975,-992.909249137,277.680921673,502.429284484,-262.212213361,433.994031938,-48.5291896053
1514.53748999,932.408057456,2158.35974816,388204187467.0,2,64747662508.8,137604651487.0,185851873471.0,6277.425472843556,171.048146893,-465.467056816,280.863072946,157.720385061,-247.169859492,981.412972984,4.72472891792
1146.18095713,908.270767169,1995.0,376347737761.0,0,65051048718.7,131340063268.0,179956625774.0,6277.425472843556,174.210659285,173.971579495,170.483653239,-902.909658941,-170.542099359,-262.341162724,-25.5290324664
1185.52395995,1019.31543879,2165.65607684,372315100862.0,1,63844607538.4,130530460586.0,177940032737.0,6277.425472843556,162.276852115,348.743070852,171.596416496,842.639450274,-378.826540178,-93.5700496106,-33.8221218475
1406.11627323,903.979052244,2130.29783386,374468287352.0,1,64204048664.1,131258924365.0,179005314323.0,6277.425472843556,165.899043134,822.761163482,214.072515056,747.090262907,-203.991098457,-296.983171942,-29.2652072691
1146.09802644,1342.44312274,2222.23104058,375529040165.0,1,64661696153.5,131364883765.0,179502460246.0,6277.425472843556,170.107153423,-65.9859312044,282.462740218,978.132576991,-153.783381406,-833.450571439,39.2741586579
1283.47475544,912.777160423,2048.25855608,375966379163.0,0,64747891272.1,131469164643.0,179749323248.0,6277.425472843556,171.206694402,582.602954154,231.26012552,464.045377701,-258.532841953,-669.073670861,-4.89689557034
1161.6417067,1032.3604524,2100.75703827,378817231099.0,0,64043471427.4,133619505267.0,181154254404.0,6277.425472843556,163.983408986,473.542824039,275.500086174,-584.281272654,-224.237057687,657.540697543,28.2022146061
1160.63148987,969.568998772,2024.81544208,374433842600.0,0,64375233377.5,131098130571.0,178960478652.0,6277.425472843556,167.346412139,54.9960755536,299.400879996,346.197305698,-381.138024079,-446.234920322,-28.8142127734
1269.80942887,948.11815516,2141.59545693,373709142808.0,1,64117504307.2,130983469331.0,178608169169.0,6277.425472843556,164.833035222,533.643790653,270.62943364,778.720810774,-194.049804855,-211.212538753,-24.1440638082
1176.75369088,1094.7796551,2209.36077648,376307870131.0,1,64928214031.8,131453612421.0,179926043678.0,6277.425472843556,172.968797176,319.788285595,192.315606089,949.019722243,-165.200780431,-379.008179705,24.7306980959
1144.44806946,1063.66195535,2071.33178694,373561382345.0,0,64143911222.8,130871865612.0,178545605510.0,6277.425472843556,165.220906417,-483.257519813,235.289999109,557.126890019,-252.411262062,-569.409695287,-22.3926408362
1136.71070907,901.501301414,1995.13126111,374304247326.0,0,64336214209.7,131049707915.0,178918325202.0,6277.425472843556,167.182614643,19.2675932499,216.121161161,-478.250632738,-247.11845891,-891.080172037,22.8855640948
1166.7267759,1123.7747654,2164.19577445,385608011751.0,1,64933201167.3,136116420368.0,184558390215.0,6277.425472843556,172.849413297,652.127072876,268.281576265,-662.769671019,-232.723586716,838.879222634,-42.1410480346
1372.4766761,1183.95600133,1995.11317758,377546081540.0,0,65592054736.3,131402345185.0,180551681619.0,6277.425472843556,179.0479609,778.933369895,171.434005846,-455.726085759,-177.450612768,-541.766917617,21.2506788763
1173.69644502,901.799892575,2012.03909645,376804250450.0,0,64818046716.6,131813969609.0,180172234125.0,6277.425472843556,171.912015013,-365.957388994,217.771842056,13.9093873187,-307.404302938,275.206776562,-12.54802729
1154.13324525,889.906536693,2007.81968905,372993094166.0,0,63886326784.0,130825454072.0,178281313309.0,6277.425472843556,162.744074721,-591.209436757,162.199395956,-288.529954452,-317.468917906,226.527931481,-1.56111356075
1181.40025078,952.329539886,1995.0,371418281187.0,0,63726449739.1,130222058919.0,177469772529.0,6277.425472843556,160.770855555,281.542376282,249.079190012,-23.4975928321,-329.704558768,-279.720787833,-23.9444057368
1141.97003116,1007.89876083,2043.65720325,374383613838.0,0,64348998023.8,131077794375.0,178956821440.0,6277.425472843556,167.298649833,-127.74293261,231.962999748,443.202074483,-171.37808176,-327.639321832,9.03800772337
1163.73123615,930.320047078,1995.0,374661995849.0,0,64422542893.4,131143048976.0,179096403980.0,6277.425472843556,168.034659586,212.763749769,233.670658789,-155.389679845,-287.23299326,-621.09352244,-18.1158836425
1146.35633156,1151.22146583,2110.96456811,377106122933.0,1,65544035856.7,131280593850.0,180281493226.0,6277.425472843556,178.180595608,-451.599951595,293.106630231,688.312695444,-216.093841623,-391.848833545,48.7036046761
1132.91181234,961.931597484,2027.46713515,377071318552.0,0,65683716828.3,131069203450.0,180318398273.0,6277.425472843556,179.886455495,-676.871884989,170.556190541,361.383430868,-255.884428164,-328.135191848,0.000702378380382
1173.78481644,946.634478998,1995.04100343,373198597659.0,0,64076204663.4,130775905135.0,178346487861.0,6277.425472843556,164.339776692,222.268510418,284.760506575,-212.642094476,-158.785860132,-955.97521353,12.7908307196
1375.65380876,1185.30551556,1995.18212559,375973185485.0,0,64684460353.4,131548598116.0,179740127016.0,6277.425472843556,170.477407476,765.432109262,254.26862148,7.36111433882,-174.165975577,-925.020819867,25.9331497105
1167.77840117,935.377674658,1995.0,373928504674.0,0,64232147747.5,130969122000.0,178727234927.0,6277.425472843556,166.101307152,225.712953211,241.578262685,-595.316883797,-272.85786904,-109.791274952,-43.6958232651
1233.8307096,1184.38866222,2015.32024609,379740358975.0,1,65224201528.2,132899345825.0,181616811622.0,6277.425472843556,175.468503624,2.61089036324,243.748014542,762.701943205,-323.034954669,480.960268538,45.9600160591
1243.81373019,1106.53211018,2000.74335525,377433695228.0,0,64413130964.6,132554643004.0,180465921260.0,6277.425472843556,167.779120352,-738.058026175,282.893529163,615.43444982,-261.840738121,464.020081792,4.76054102381
1145.57981546,907.512045974,1995.0,375746280492.0,0,64792100982.0,131317795420.0,179636384090.0,6277.425472843556,171.600524271,-831.360968315,240.73452928,-891.701055476,-202.609544438,-336.307318257,-24.0826134447
1140.93184959,901.637668587,1995.0,374697902617.0,0,64442140493.0,131136636230.0,179119125894.0,6277.425472843556,168.275803603,-876.434209834,217.544214851,-107.012180269,-181.712594291,-322.675350236,-8.54728652261
1375.26852476,1318.43023274,2003.99239356,385010348757.0,1,65695930069.6,135045417728.0,184269000959.0,6277.425472843556,179.82801898,-944.32455353,225.205687348,960.164401017,-346.327880762,771.824376236,22.1031333365
1155.3907521,903.23540922,2003.76337968,376653530065.0,0,64986929528.7,131571459095.0,180095141442.0,6277.425472843556,173.482366581,12.6179867707,223.718552827,-186.668796229,-219.311906849,187.19690634,-13.9865760048
1197.54322358,972.283277831,1995.0,374511718165.0,0,64343898449.4,131124435914.0,179043383802.0,6277.425472843556,167.472552603,396.350016353,150.387622118,-269.529230766,-358.041484384,-234.337302754,-5.21757668416
1374.56434363,904.311075234,2177.83803265,377407724736.0,1,65333804120.2,131597048821.0,180476871794.0,6277.425472843556,176.700501167,772.264859739,204.739777139,873.433750455,-347.121736691,-127.222287696,8.18413312737
1516.26489408,1345.46803345,1995.0,375800063887.0,1,64507627443.3,131627795696.0,179664640748.0,6277.425472843556,168.865909797,994.396889234,236.292309892,-425.564935756,-321.745442729,-332.078360371,-9.66469139267
1239.46529634,977.401386373,1999.99743016,376022873059.0,0,63945871353.2,132326230134.0,179750771571.0,6277.425472843556,162.893330177,57.9041044433,292.729227571,380.391421107,-286.604045872,518.68191864,28.9906699426
1301.87603165,1117.50129229,1995.29341024,379096618893.0,1,63748900771.0,134051026626.0,181296691496.0,6277.425472843556,160.881607668,161.13934096,285.721869521,794.816823239,-310.030025625,760.61228115,0.91773373753
1154.18187708,1177.41779844,2125.39545971,372289943497.0,1,63886981572.5,130511783564.0,177891178361.0,6277.425472843556,162.341774134,-474.455799541,288.981383849,732.923892285,-397.257065855,-459.478705401,10.169968408
1143.27663181,1320.64331984,2214.31597517,377234563305.0,1,65687320645.7,131165479063.0,180381763596.0,6277.425472843556,179.758593053,-683.580927952,235.236407063,960.800505329,-278.984343363,-995.028434677,5.71199258465
1247.08154324,893.226830661,2063.14314813,378163030025.0,0,64399817555.8,132905370951.0,180857841518.0,6277.425472843556,167.917580681,-189.977257694,179.5248479,-545.105819134,-302.967742326,525.39909869,22.145806779
1483.83776321,915.837053844,2204.46946053,385111787223.0,2,64176515134.2,136626768105.0,184308503984.0,6277.425472843556,165.428854255,-426.420559914,270.430229807,-492.41804243,-234.872022972,937.848725694,10.0184880338
1142.11600625,903.13563308,1995.0,374777592094.0,0,64465901223.1,131154504603.0,179157186268.0,6277.425472843556,168.492706113,-40.5115628018,223.671571146,-338.568413442,-206.830488147,-262.79058592,-39.7947803748
1203.83431947,1056.10749719,2001.17713778,374822382191.0,0,63924360326.2,131699625313.0,179198396552.0,6277.425472843556,163.171322593,-142.011762821,151.782594983,571.576844765,-249.554427161,414.4624381,-20.091495696
1261.53967398,1182.36116547,2006.89916829,373104422049.0,0,63870173702.3,130955718933.0,178278529413.0,6277.425472843556,161.950276731,737.400717384,297.645943365,-251.975493376,-352.96309622,212.54548991,49.4336567492
1157.02843948,1218.33350708,2097.36305894,375552374599.0,1,64453143970.9,131588668619.0,179510562009.0,6277.425472843556,168.03039512,86.818258508,289.37735714,883.669737543,-352.918146767,237.760085137,41.3221722501
1171.74806615,1029.76368648,2006.44967507,377800523677.0,0,65558533193.3,131556614077.0,180685376407.0,6277.425472843556,178.809869088,518.605735876,160.736867906,-813.773296379,-380.935577688,214.045085378,-31.2991481083
1162.93867198,916.700587712,2055.00334474,374292217121.0,0,64302524348.8,131071765742.0,178917927030.0,6277.425472843556,166.901046171,280.960691231,174.141749816,491.649130595,-220.13728036,-820.832379289,35.9844309129
1156.8683333,924.228852186,1995.01557152,377057369479.0,0,65605853398.0,131179339478.0,180272176603.0,6277.425472843556,178.860068629,-491.271176568,297.613795402,-488.272269862,-290.325137868,-434.779845606,7.88229799734
1170.9423046,891.137272254,2016.98543443,378105550227.0,0,65533494815.6,131736115272.0,180835940139.0,6277.425472843556,178.571743919,-963.66051,168.821319745,-95.1292987301,-382.331748506,296.99367452,-17.7674844969
1131.71838323,1016.18225937,2054.41959817,372461235494.0,0,63905169023.1,130540739800.0,178015326670.0,6277.425472843556,162.942670406,-295.987053372,162.439216127,490.525111824,-299.826164644,-420.286224472,-15.6781901837
1141.70340564,1213.94511978,2148.8193742,377253388111.0,1,65738547998.1,131151787352.0,180363052761.0,6277.425472843556,179.960124767,-548.718037191,270.191731894,796.890319847,-273.93775434,-446.995358615,48.6366226192
1153.24683062,952.740634322,2011.23030035,373866784686.0,0,64231866055.4,130950455825.0,178684462805.0,6277.425472843556,165.977497406,-158.008400168,277.623360912,254.980363489,-336.274149259,-497.735314033,2.70836980325
1166.30215998,895.833327502,2015.13508876,377917497461.0,0,65431257800.2,131757716191.0,180728523470.0,6277.425472843556,177.54505641,-405.516686214,192.073815662,-32.7517250127,-399.442262487,282.497250441,30.655006776
1317.95636966,904.318887346,2100.11103095,380934664559.0,0,64633639146.0,134066703620.0,182234321793.0,6277.425472843556,170.116751906,-641.119447137,228.402386174,-229.90962872,-220.957239388,656.080286478,-37.8246148803
1134.94074123,990.754408778,2038.28486813,372460517294.0,0,63916167549.1,130543999744.0,178000350000.0,6277.425472843556,162.904449354,-462.210010791,204.521140411,417.301331938,-369.403919616,-322.556924221,20.9714574721
1153.77034704,960.804992342,2041.78351171,377334092954.0,0,64473139745.5,132432810809.0,180428142399.0,6277.425472843556,168.49215632,310.17718556,247.611281786,-700.659455403,-157.926315033,434.574399495,-25.380419452
1154.48435371,918.726903361,1995.0,376450300370.0,0,65119134004.4,131355627950.0,179975538416.0,6277.425472843556,174.540144864,-321.077356622,280.060927227,-448.382829214,-258.313315287,-272.332895749,-17.265848033
1141.5961691,1103.82095148,2093.79532897,373865081155.0,0,64208329786.4,130955038971.0,178701712397.0,6277.425472843556,165.922253197,-424.447435854,221.00184007,635.573661823,-336.130756243,-777.274413807,-31.4861684751
1179.75612012,1148.07251787,2041.84220436,373514710513.0,1,63948934956.3,131052767688.0,178513007868.0,6277.425472843556,163.097825817,-549.163125992,264.464396131,694.625143132,-244.021289667,259.775068377,-6.52816139706
1130.95543126,893.294942622,1995.13059944,376687860889.0,0,65278314842.5,131289604972.0,180119941075.0,6277.425472843556,176.226817903,-723.739008009,179.863432956,-717.251001085,-348.603488648,-963.790494049,22.8278080588
1493.16663092,1319.38303298,1995.0,376578332088.0,1,64801265617.0,131731696964.0,180045369507.0,6277.425472843556,171.620723946,951.885416832,262.794103682,-183.478828679,-220.088290437,-192.197378353,-46.421897246
1163.65685288,1077.05973486,2168.99217547,383297117764.0,1,64147043687.0,135723640846.0,183426433231.0,6277.425472843556,165.385798154,598.722485969,189.641918506,-763.772229953,-158.511735654,851.176866025,-46.1999677075
1461.27813263,1283.41903431,1995.00067748,376416275525.0,1,64753760924.3,131675379216.0,179987135385.0,6277.425472843556,171.385465629,920.495989545,185.004191441,-890.839329846,-173.121117346,-775.536715669,1.6441245314
1202.66616199,1090.03783559,2206.5259698,376183936845.0,1,64869373458.1,131467070496.0,179847492891.0,6277.425472843556,172.2595481,349.083635281,264.851869499,942.725758321,-395.593610304,-908.260451181,-23.0468905051
1127.34959842,892.111656376,1995.51588754,372590969320.0,0,63949570412.4,130579432924.0,178061965984.0,6277.425472843556,163.218533318,-498.070281328,173.891366782,-806.748851122,-345.094940798,-565.026702464,45.3724302275
1141.45028317,912.505171341,1995.37484374,371884649048.0,0,63829530999.5,130366649574.0,177688468474.0,6277.425472843556,161.727287531,-77.8241487474,258.922165378,-799.347538049,-339.657288882,-361.341032787,38.6751473668
1134.30008242,892.70979928,1995.23329244,372924870701.0,0,64005820900.3,130675464797.0,178243585003.0,6277.425472843556,163.961113415,-216.836379933,176.934410817,-227.753045558,-380.929531964,30.510510411,-31.7101825675
1152.61318447,911.303699936,1997.32138613,374944965337.0,0,64483402932.9,131230228018.0,179231334387.0,6277.425472843556,168.571164137,-741.135142193,254.655519314,-346.654469824,-195.426840582,96.2689954718,-5.6208700013
1148.52892059,949.137110514,2007.00957669,372967747208.0,0,64045941814.1,130708487698.0,178213317696.0,6277.425472843556,163.840293482,-672.184987274,298.532412259,214.743226635,-288.803944462,-654.278735446,44.1337459309
1256.97041311,1292.11130646,2032.20277665,374617087474.0,1,63828815766.6,131718136455.0,179070135252.0,6277.425472843556,161.885165146,925.434759338,217.938373169,-551.219281259,-182.493483604,385.665657827,32.9412475567
1216.95105371,959.323943813,1997.88165669,376936090299.0,0,65011919240.3,131703895872.0,180220275187.0,6277.425472843556,173.564699637,564.5376359,274.677333748,283.059765548,-191.064113889,175.793208992,-36.0805616227
1155.75719129,1039.10520375,2031.76277513,379028940796.0,0,65434260136.0,132324130101.0,181270550560.0,6277.425472843556,177.44957849,494.830164632,263.168639139,-833.613426389,-300.739456941,384.75313436,-37.7198907639
1318.10658846,1120.18334005,1995.07746998,376228375300.0,0,64819016494.1,131518751262.0,179890607544.0,6277.425472843556,171.980988417,674.627173882,184.564058214,-208.7172834,-177.898839608,-949.153638524,17.5815596875
1281.30918691,934.619530015,2021.16869004,372155308813.0,0,63798696464.7,130500806986.0,177855805362.0,6277.425472843556,161.739864246,593.116361624,188.590068775,324.188022015,-345.4885235,-564.550343111,-1.77656210275
1332.54005082,1135.25317942,1995.00426127,377327170021.0,0,65458366062.2,131440158823.0,180428645135.0,6277.425472843556,177.744725205,684.451003378,233.883743232,-714.09861699,-283.516161506,-775.100551436,4.12340938626
1136.93067037,970.261882295,2029.18623369,377081230150.0,0,65681781047.0,131082512223.0,180316936880.0,6277.425472843556,179.813587888,-837.984478795,195.477234547,370.906687738,-155.522024975,-125.863429528,-42.6909866184
1141.42620739,1291.96733075,2196.26536917,376076731645.0,1,64869769652.1,131412661978.0,179794300016.0,6277.425472843556,172.267155967,-552.989713418,246.344517678,918.078952132,-207.106715323,-60.4431463586,26.2223086385
1148.91920636,914.334215202,1995.28714645,375436936073.0,0,64675819795.4,131288527765.0,179472588512.0,6277.425472843556,170.399793093,-352.827319741,265.29616863,-807.300835162,-297.25808668,31.9628731096,11.1432275003
1428.6794671,1245.93339296,1995.0,377216508529.0,0,65178472221.6,131648999339.0,180389036968.0,6277.425472843556,175.362862842,868.851693294,178.386531898,-2.34007090155,-376.666420298,-870.86584125,-34.8426594953
1141.46644457,1158.89675535,2121.20101301,376820704219.0,1,65303608877.3,131347636194.0,180169459148.0,6277.425472843556,176.302694089,-110.752325755,241.667563185,720.425900743,-150.18484254,-661.384923429,21.3368025418
1160.85240947,928.833825224,1995.02772029,382940298315.0,1,64874260962.2,134834098471.0,183231938882.0,6277.425472843556,172.364773048,534.501818651,245.404809644,726.553255207,-355.125369432,716.036377297,-7.78099301269
1146.96122966,916.731272784,1995.17227647,376943460616.0,0,65476837352.4,131247774392.0,180218848871.0,6277.425472843556,177.749443557,-697.229867706,273.443278398,-324.207886656,-392.433838592,-543.46860774,26.2185580545
1133.05719833,891.652182573,1995.0,376419947576.0,0,65106333131.0,131321139101.0,179992475343.0,6277.425472843556,174.717819868,-207.359464038,171.518554933,-143.794088235,-322.873984721,-58.3765704504,-28.4899654212
1136.0353111,1114.8096688,2102.62321151,376085733085.0,0,64900224063.7,131364915423.0,179820593598.0,6277.425472843556,172.759006963,-754.514523663,190.200494389,664.077833977,-346.787968955,-353.752985275,-32.986868429
1379.73947842,1032.38577907,2018.59941151,384766151027.0,0,65595960823.8,135057143746.0,184113046457.0,6277.425472843556,178.653617282,-533.683015183,294.859345625,461.793636948,-207.408125513,766.191122735,45.3955371159
1502.51199092,910.534918534,2166.5222405,385720854239.0,2,64074690117.5,137014398810.0,184631765311.0,6277.425472843556,164.57417931,-725.17063579,213.484820197,133.690199396,-298.119073804,978.553276225,-4.02467724253
1154.14933864,920.834504522,1995.01694496,374570151322.0,0,64416393552.5,131121434169.0,179032323600.0,6277.425472843556,167.793403472,-527.28972335,286.899258833,-654.935906703,-256.704019303,-247.610389971,8.2225718051
1138.59293999,1125.80631551,2107.09420222,376105389808.0,0,64908010716.4,131370940545.0,179826438546.0,6277.425472843556,172.794706217,-974.00550356,204.924090789,678.101007997,-168.8564035,-150.10653401,-12.5748991704
1169.68525503,1144.8180224,2045.61785535,374963509868.0,0,63813925005.3,131900043269.0,179249541594.0,6277.425472843556,161.792019151,702.875888304,225.718386597,-619.564806661,-342.89418667,452.247067555,-28.8062990003
1322.69028847,908.122371608,2089.50006985,373572783454.0,0,64060756084.8,130962060664.0,178549966705.0,6277.425472843556,164.349497821,661.567577875,239.662135331,621.277347003,-297.494628403,-963.209381274,-37.9279484266
1153.14073343,917.037922389,1995.0,376621489572.0,0,65223084142.1,131335360052.0,180063045378.0,6277.425472843556,175.509994077,-808.68598407,274.469581375,-839.911533246,-164.673667142,-790.716461511,-16.3807411136
1137.10742195,896.600084332,1995.08685972,371365600762.0,0,63718466393.8,130188050224.0,177459084144.0,6277.425472843556,160.854126289,-482.313665469,195.618790569,-839.212637948,-397.781697223,18.6166009497,-40.7794035928
1348.83347932,1153.50628734,1995.0,377436537514.0,0,65536176132.7,131395249343.0,180505112038.0,6277.425472843556,178.627907668,735.821797678,153.35591605,-712.133906032,-313.271501151,-17.0378030944,-49.7421170317
1397.29058874,894.230658554,2155.16091542,381424818460.0,0,63972193376.6,134961091994.0,182491533090.0,6277.425472843556,163.588676162,-924.190767872,184.454522033,-437.691684697,-385.37507493,815.285233145,1.88678669166
1162.88888162,960.680586943,2001.12436704,376576364999.0,0,65092145091.1,131449951748.0,180034268160.0,6277.425472843556,174.251544372,-140.942277726,292.352578714,267.977909253,-228.270126134,111.537082274,-31.2239450904
2000.77467546,1187.73311533,1296.09529196,419889400779.0,1,68711523544.1,150073419735.0,201104457500.0,6525.486389342852,179.495448869,958.664697036,243.58290667,193.320120505,-359.100181128,342.059581694,30.8362555061
2039.7502514,993.055072193,1137.70703097,417553737311.0,0,68398277138.1,149198547930.0,199956912243.0,6525.486389342852,176.361922322,-812.743166633,199.943212728,424.918919434,-359.833713658,-453.646467033,-9.91781187464
2143.65919394,1186.82493328,1129.45532472,414406077622.0,1,67208258085.0,148810740086.0,198387079451.0,6525.486389342852,162.766237015,-368.314763184,167.813989049,784.07071577,-321.273830223,-453.453783777,21.9739035561
2009.74500534,900.3855759,1161.10845275,417891160864.0,0,67995941731.0,149778009763.0,200117209370.0,6525.486389342852,171.833245265,-492.362640242,212.295043015,-315.254047635,-184.009084246,241.777161996,24.3678151295
2030.54458681,914.095411307,1226.21072532,414303841604.0,0,67195357695.9,148810142576.0,198298341332.0,6525.486389342852,162.14772879,456.389256997,251.645904955,375.027352572,-186.790958518,-353.345556579,49.4044923277
2136.58052049,1244.78740379,1152.92168331,423635891667.0,0,67401891607.9,153275695714.0,202958304345.0,6525.486389342852,164.580415746,833.671622461,298.097813716,-935.795737936,-287.368554227,764.084935362,33.5489508902
2142.316457,1053.3335682,1174.20565412,424789495080.0,0,67684390572.1,153544614530.0,203560489978.0,6525.486389342852,168.210652183,530.947173908,248.961250817,-444.134632004,-299.122181191,780.701480682,-33.8862953191
1995.0,921.089625738,1156.36546932,417572046152.0,0,68612255603.9,149020862305.0,199938928243.0,6525.486389342852,178.369002672,-897.552629982,287.717046145,-44.1406539611,-266.958548813,-787.841237952,-5.22314040861
2108.89475142,996.941895577,1170.12339417,416375349100.0,0,67661286559.4,149351533941.0,199362528600.0,6525.486389342852,168.04826895,258.84555698,218.604060367,683.675414627,-382.48975167,-429.750528895,-3.5420460255
1995.27849161,898.774781075,1133.1332893,417133162354.0,0,68014571787.0,149382334882.0,199736255685.0,6525.486389342852,172.02044264,-264.949027156,205.356049575,-749.252634461,-333.407674765,-100.597759295,33.3355527963
2006.77131806,891.097275911,1153.22828534,418147408197.0,0,68555355719.7,149330295741.0,200261756736.0,6525.486389342852,178.136918437,-135.573692005,168.610068309,-920.835278006,-296.900070376,217.039450261,-16.3889672151
2075.46927321,896.23448132,1269.34883379,420873053479.0,0,67723100856.8,151535777545.0,201614175077.0,6525.486389342852,168.79608647,-34.1603578013,193.936189266,-923.68482176,-395.952031204,571.916442215,21.4309865115
2027.50685373,1003.53600234,1146.17993618,421774954104.0,1,68359892948.6,151381700701.0,202033360454.0,6525.486389342852,175.574084644,489.868008351,276.453790431,896.110312585,-348.287022282,536.440642879,37.3733943089
2066.69514248,1057.11345156,1146.76067142,415712507219.0,0,67507111978.9,149182564964.0,199022830276.0,6525.486389342852,166.145189453,-75.5646091786,246.292585194,539.633034516,-179.371760079,-48.5614140766,-2.66109640404
1995.14640285,921.285551222,1150.73365423,415869032236.0,0,67568680872.0,149218017614.0,199082333750.0,6525.486389342852,166.649933791,-692.612168058,288.343661089,-662.050055695,-162.677506517,-136.721987882,24.1695840334
1995.0,1113.52910161,1314.80875421,417920326278.0,0,68539661192.1,149239527427.0,200141137659.0,6525.486389342852,177.893508944,660.091690136,196.47142478,-352.732800341,-379.450089485,-668.124205439,-32.9295997031
2010.21116848,889.285518018,1151.06996994,418330408548.0,0,68398865652.4,149594336679.0,200337206217.0,6525.486389342852,176.28120632,-921.264957104,158.756834675,-417.520215387,-316.455094081,241.910413996,49.0233971806
1995.0,916.260289654,1152.52241557,413836739635.0,0,67142593025.4,148617455924.0,198076690686.0,6525.486389342852,161.644658696,-295.118386556,271.860108139,-573.880099302,-288.43916532,-544.383003028,-14.1011386678
2079.21328613,926.197170619,1268.90576027,417671615361.0,0,68165014219.6,149522096580.0,199984504562.0,6525.486389342852,173.463851334,522.427189429,297.011340118,585.676400528,-179.003908361,-828.553532499,9.27594050202
2170.39406949,1058.18400835,1192.77120858,417774528879.0,1,68548529966.0,149175983184.0,200050015729.0,6525.486389342852,177.793390901,318.669029257,258.366417714,854.742895187,-228.56369018,-65.3138509177,-39.6360829079
2081.57554061,980.229865553,1162.91353568,429864222499.0,2,67626290640.6,156138730294.0,206099201565.0,6525.486389342852,167.550555013,768.128728682,237.199565809,395.352716441,-217.384627291,989.227073919,15.6517984734
1995.0,924.313113975,1158.93474047,415151432201.0,0,67398246403.2,149028152827.0,198725032971.0,6525.486389342852,164.644119706,-700.243175217,297.875364316,-501.283656897,-167.174559084,-998.337289155,-19.2625163478
2025.9842334,895.067595215,1206.52000983,417508727402.0,0,68157985280.9,149410937456.0,199939804665.0,6525.486389342852,173.79271606,411.30616179,179.214328101,352.968998609,-390.520341211,-645.436714695,-46.2820223421
1995.0,1026.31285432,1241.81040217,417740010745.0,0,68371170995.5,149347230253.0,200021609497.0,6525.486389342852,175.759134255,450.290139696,291.430720806,-315.858708002,-205.363415456,-715.08349266,-36.4264787036
2005.7713254,931.801235296,1137.05364185,417928267535.0,0,68131288860.8,149673606165.0,200123372509.0,6525.486389342852,173.206652026,219.328083845,233.503177144,-257.283647932,-244.255827742,204.100240153,37.9038488825
2090.78966853,1215.56731075,1159.02209068,423446960219.0,0,68229479494.4,152361833346.0,202855647378.0,6525.486389342852,173.993927948,800.125003655,296.022418024,9.96703527761,-382.153206301,633.678867079,48.5797169837
1995.4765249,939.151550232,1162.14508404,416458378285.0,0,67713201118.8,149352788907.0,199392388260.0,6525.486389342852,168.514846389,269.287719723,209.439151805,-406.458765301,-226.330073526,7.64609482563,42.931324755
2094.5939767,1093.48272632,1130.12412837,417379082638.0,0,68138379825.4,149358979962.0,199881722851.0,6525.486389342852,173.650446602,-349.65983869,150.932254778,638.199754963,-308.090198859,-792.272896664,-1.47300248908
1995.05683168,920.338025627,1153.26295786,416717575972.0,0,67809110258.2,149371670914.0,199536794799.0,6525.486389342852,169.788035596,203.95271291,199.500306545,-346.284690062,-383.570189423,-628.039130288,15.0586060975
2005.58501772,1086.62088227,1205.36591345,418428081518.0,0,68616786855.3,149440817418.0,200370477245.0,6525.486389342852,178.454921437,595.373831069,246.272091532,-314.639655678,-380.988184531,202.626397685,35.8999477634
2211.27041066,1320.54059934,1150.17852764,413737128434.0,1,67098151648.9,148608755330.0,198030221455.0,6525.486389342852,161.136070283,-532.503337792,261.745382837,953.777662278,-260.332239893,-168.260519754,-6.20248112974
2078.5710208,892.484483665,1308.26059038,426898773200.0,2,67457402568.9,154801966979.0,204639403652.0,6525.486389342852,165.834291132,256.327919292,159.173663774,330.94224998,-321.77050126,914.394793164,3.95200980186
1999.28621242,1241.93038039,1352.1422901,417482185271.0,0,67792383633.1,149787988441.0,199901813196.0,6525.486389342852,169.398430928,840.681755407,264.613408299,-289.141195968,-223.756348304,130.844790444,-39.0670438381
2174.64065112,1244.31770305,1134.92933024,415110646165.0,1,67342416561.5,149028544435.0,198739685169.0,6525.486389342852,164.394694266,-73.8193910814,183.479112268,865.469214641,-333.659327465,-294.851820861,-47.4287782665
2034.67072264,997.598679196,1135.11287743,416927140156.0,0,67263111024.1,150015002238.0,199649026894.0,6525.486389342852,163.450743191,444.39057074,179.151180213,-83.9107006161,-211.338067252,399.824898652,-1.41968225366
1995.31549089,1215.43939207,1397.7244809,416914648144.0,0,67683195023.4,149602226936.0,199629226185.0,6525.486389342852,168.268204295,821.238745585,192.963308794,-822.164839111,-182.786661974,-5.48610368805,35.4810962882
1995.10367067,1137.38168896,1332.1695041,417915849223.0,0,68294512189.3,149487121545.0,200134215489.0,6525.486389342852,175.192502079,698.474686679,200.362717224,-960.785802581,-158.966505031,-570.658449599,20.3385529515
1997.57442715,1146.15846479,1397.55616303,417537689395.0,0,67933016321.3,149674102076.0,199930570998.0,6525.486389342852,171.012172271,793.954475817,261.533017305,101.383391191,-202.11582504,-241.948663029,-15.1280055296
2226.07323769,919.84983988,1513.34883097,430662417479.0,2,68228152495.8,155958565343.0,206475699640.0,6525.486389342852,174.115205072,-913.645863958,283.722977441,-892.27725024,-200.878413007,986.979456453,35.3357057571
1995.0,887.829202488,1130.05119034,415634093675.0,0,67486936781.8,149137805225.0,199009351669.0,6525.486389342852,166.210794601,-578.614239635,150.385148173,-128.408011051,-397.368472018,-0.268323968543,-44.1233152345
2002.89491511,996.881487949,1170.53456671,421696270836.0,0,68088765103.6,151594895169.0,202012610564.0,6525.486389342852,172.791827325,765.866707393,252.976649418,360.711779169,-269.162654628,538.37168173,-14.928166895
2029.68359615,901.314576166,1210.08872974,416034073913.0,0,67338761032.8,149506345280.0,199188967600.0,6525.486389342852,164.201233993,644.038272969,211.38782828,598.671420916,-255.994397989,225.840309256,24.237629268
1998.1949196,919.396819163,1154.41557735,416400941518.0,0,67544001772.9,149499274921.0,199357664823.0,6525.486389342852,166.469780573,158.109290876,275.214576481,95.4798410941,-353.406179892,208.430877839,-8.32208840148
2040.15629068,925.065658155,1306.7756671,417807234963.0,0,68222070566.0,149504995170.0,200080169228.0,6525.486389342852,174.401239256,638.791439554,212.622061117,426.863784386,-191.904933227,-175.068441531,-12.0345342572
1998.13158003,1047.31401983,1311.23462157,416709567914.0,0,67681046089.9,149487693134.0,199540828690.0,6525.486389342852,168.407131495,659.795214647,175.790202826,111.76286093,-234.308795843,-279.856001404,3.72478635834
2135.8525247,923.521275152,1386.90574767,423202584836.0,0,67433324198.0,153017771645.0,202751488993.0,6525.486389342852,165.07423412,-214.555407595,295.409115733,-772.109436897,-371.866694182,762.785033446,-14.1009091964
2044.63066414,939.626562302,1181.3791656,420304570638.0,0,68635775220.9,150362484414.0,201306311003.0,6525.486389342852,178.631405009,192.95623688,282.915123727,-908.936823883,-158.231930355,447.71211618,6.58891276204
1997.43511505,1244.63065287,1478.2014153,429102054479.0,3,68095833340.5,155311242099.0,205694979039.0,6525.486389342852,172.641784837,-86.0223645685,290.10473078,836.253375032,-372.927496578,929.534531593,31.9478429042
1996.48941464,1343.66163214,1464.50009097,416813318125.0,1,67559282475.3,149683303379.0,199570732272.0,6525.486389342852,166.73056393,992.913463141,232.216356868,-5.15207422198,-254.565785597,71.4966922289,28.8653039188
1995.02613625,892.425115682,1132.1296855,417115784225.0,0,68006675976.5,149365983304.0,199743124945.0,6525.486389342852,172.106361086,-794.974795739,175.492413227,-244.458547717,-307.035476276,-832.496225564,10.2119703409
1995.0,911.297914417,1148.58125042,417567745181.0,0,68515385403.9,149104539603.0,199947820174.0,6525.486389342852,177.450877042,-553.288588004,254.634814628,-548.82014483,-300.286949638,-244.369917305,-25.3075820972
1995.03156748,1279.01131749,1456.08976545,418284465663.0,1,68517373683.7,149447163660.0,200319928320.0,6525.486389342852,177.619695569,910.345212086,203.756092149,-765.566392872,-164.921573257,-318.983846718,11.2229783986
1995.0602663,966.345330947,1188.04414683,414738858190.0,0,66996676150.5,149188155290.0,198554026749.0,6525.486389342852,160.157071117,-796.307157154,182.55341141,367.249983833,-274.827064243,351.74301243,-48.1449460294
1995.02349086,914.875759935,1149.21429549,416016139939.0,0,67603037824.6,149246155788.0,199166946326.0,6525.486389342852,167.182843095,-102.799182733,267.156613461,-146.03689865,-237.872430193,-398.041532328,9.68137782775
2020.77414309,1020.28405734,1148.09767688,418566925283.0,0,67928403924.9,150174851673.0,200463669685.0,6525.486389342852,171.168971543,486.155472893,197.502946423,-741.856368386,-245.476284034,321.662939393,6.00756247306
1995.0,913.526301943,1150.35007904,415974881522.0,0,67571305738.8,149231527831.0,199172047952.0,6525.486389342852,167.112573582,188.661764404,182.515870526,-75.3739346812,-269.568103741,-484.146490722,-30.9926569689
2186.26601531,909.262005047,1450.93400261,428014646091.0,2,68038054559.4,154806591870.0,205169999661.0,6525.486389342852,172.205207523,-10.8316445755,247.249658893,-490.722789432,-282.065472596,894.047239031,20.3377502046
1995.22828517,917.57805737,1146.71666166,416420195934.0,0,67726987904.0,149333596641.0,199359611390.0,6525.486389342852,168.516015495,-814.894547275,276.268875131,-9.89359584454,-308.38167144,-468.187931757,30.1812847491
1995.0,1083.35282714,1289.3519101,415756659610.0,0,67447498372.6,149256235376.0,199052925862.0,6525.486389342852,165.53370519,599.872188064,219.50331673,-869.908417701,-213.839904725,-237.649036229,-43.7942121434
2124.35242001,939.004571709,1278.1661579,417755689068.0,1,67851473596.4,149872987173.0,200031228299.0,6525.486389342852,169.990715496,718.433020661,286.341960335,903.129711052,-383.805376943,173.165188344,-37.2740414064
1995.0,910.153491625,1147.67346328,417517200158.0,0,68336203516.2,149238420558.0,199942576084.0,6525.486389342852,175.730896022,168.917623613,184.989769312,-754.019342548,-249.768697895,-695.18199609,-11.8961302866
2088.22676868,907.254726137,1276.99910838,416006594032.0,0,67504988494.6,149328112923.0,199173492614.0,6525.486389342852,166.162861247,566.878216917,234.469209056,616.981391491,-152.817016261,-991.551849963,-3.38683638327
1995.0,1124.53222752,1324.14037425,413725316134.0,0,67054030145.4,148641780803.0,198029505186.0,6525.486389342852,160.651968556,662.355860119,245.422992594,-54.7148196504,-345.219213856,-920.723380609,-15.7044654516
2005.44815753,891.279428131,1150.76050783,417812904311.0,0,68088307881.8,149630440376.0,200094156053.0,6525.486389342852,173.045332668,-873.921375199,169.570100578,-212.129460276,-211.412368148,204.433443801,2.06871722046
2001.12147855,916.645732103,1192.04519278,422385333694.0,0,68087901386.7,151916445686.0,202380986622.0,6525.486389342852,173.047661145,239.407347403,167.501693742,455.179404855,-385.737169199,611.583279208,-46.6265886214
2104.5283639,1279.29722886,1174.71365951,418255019418.0,1,68260408521.3,149714001430.0,200280609466.0,6525.486389342852,174.564837802,-676.572247731,285.593080326,888.489162697,-218.524745575,218.436111658,6.5987309939
2179.82038574,888.792606778,1429.03159629,427886631666.0,1,68252258182.3,154505819126.0,205128554358.0,6525.486389342852,174.828017884,-139.820930636,155.972106044,-406.552095613,-377.248206177,878.010795524,26.2479905847
2115.21465396,918.031342865,1368.83703335,419292821553.0,2,68583905963.3,149905461091.0,200803454499.0,6525.486389342852,178.110660218,974.276195694,275.659876867,940.097565412,-350.234535568,237.169381083,-16.1705674651
2034.41527853,1051.42232685,1154.43213205,418913436205.0,1,68577971854.7,149712827079.0,200622637271.0,6525.486389342852,178.142072611,175.885181737,248.397603881,703.296349407,-319.746920627,304.773419703,-13.2718779596
2004.09573363,942.594655109,1149.11557012,417336313209.0,0,68127466194.5,149403148003.0,199805699011.0,6525.486389342852,172.922906092,-354.762691168,296.753412907,186.539796743,-372.875291321,-114.215565545,39.7191866015
2032.25461265,923.316367963,1221.1969235,419279214389.0,0,68076303119.8,150412879677.0,200790031593.0,6525.486389342852,172.495994256,-740.843558093,294.767900811,-80.5915474681,-209.983294604,387.341981491,-44.9422801384
1995.00127663,1182.16558146,1373.17969994,425792233992.0,1,68515698443.1,153192646938.0,204083888610.0,6525.486389342852,177.709731063,-840.031912334,169.235010834,776.691684703,-283.391891288,776.749998242,2.25618417845
2003.75244083,931.596094512,1143.27763872,417377815766.0,0,68164878905.8,149370262060.0,199842674800.0,6525.486389342852,173.518526899,-880.90242881,261.254511973,184.370180029,-283.188650535,-565.068966137,31.725082052
1995.36114636,1218.08762894,1382.84102766,417277271673.0,0,67806096296.1,149664027024.0,199807148353.0,6525.486389342852,169.64491363,812.713526944,240.01915529,-399.681903016,-223.812653158,37.9618810139,-36.6078478889
2007.62799025,990.552169727,1300.56251303,417252011518.0,0,67895891391.0,149561701536.0,199794418591.0,6525.486389342852,170.667282706,630.577543162,223.226640726,223.46764667,-392.736800822,-969.931500676,24.6446365968
2094.39688531,909.581269785,1346.27392382,418063194288.0,0,68535469909.1,149327064247.0,200200660132.0,6525.486389342852,177.721117484,708.030764736,238.214009102,637.552596409,-159.438718855,-888.634306534,-20.7139656351
1995.25830113,897.140488976,1132.23152773,417210041389.0,0,68059900976.4,149372884133.0,199777256280.0,6525.486389342852,172.556408792,-243.931772567,198.080935378,-215.455139385,-210.138409245,-575.445329257,32.1043334375
2008.70642237,970.730987742,1146.82244886,418249312213.0,0,68200337350.3,149749898991.0,200299075872.0,6525.486389342852,174.138502602,359.114977253,218.472157665,-572.941683374,-189.581396147,234.183417099,5.88374197564
1995.89576674,904.328199292,1144.62194795,416002916111.0,0,67580189282.9,149249275934.0,199173450894.0,6525.486389342852,167.068866185,-880.185707569,228.439252394,-465.502214332,-230.761982877,59.7905651979,-33.7995401204
2125.09236559,1158.60334355,1138.04399976,416608620293.0,1,67749722301.3,149375060647.0,199483837345.0,6525.486389342852,169.124382148,-579.440150784,201.851790658,732.115129126,-360.914763141,-553.106719499,-46.0832734953
1997.7574167,1056.72595696,1312.96362135,422304818089.0,0,67999013084.0,152004258894.0,202301546111.0,6525.486389342852,171.614858324,-884.692687152,298.377566188,511.874570686,-300.125660829,616.801669078,-38.3872485357
2064.12360313,980.263853268,1141.58391574,416247820646.0,0,67641306093.8,149297633474.0,199308881078.0,6525.486389342852,167.933655752,126.583976429,181.081013873,529.699206158,-279.663460228,-444.036628131,-33.4914076291
2160.4250118,1321.61872745,1149.08289406,426252059910.0,1,67642837538.6,154317050437.0,204292171934.0,6525.486389342852,167.73237966,961.419834624,238.165829491,-203.227202036,-282.473614103,828.905192881,18.0945520794
1995.02564073,924.442010029,1156.47585805,417578874730.0,0,68406562886.1,149234770511.0,199937541333.0,6525.486389342852,176.105578207,-418.611277682,298.275090992,-86.3058503762,-394.623009511,-484.018230246,10.1147012022
2030.39514325,926.945315718,1284.88562702,417780257598.0,0,68255109073.8,149460587001.0,200064561523.0,6525.486389342852,174.740805648,589.999736597,220.071318745,377.464485411,-211.097525511,-983.928385683,-15.4684693401
1995.00054522,894.688080606,1135.2062889,415136975923.0,0,67375779662.6,149009237515.0,198751958745.0,6525.486389342852,164.784111436,-446.038623419,186.659480282,-304.106367242,-358.041303924,-757.938477453,1.47492813503
2050.53070172,1029.0712818,1495.76165714,417595086596.0,1,67830590203.5,149795392902.0,199969103491.0,6525.486389342852,169.959812139,964.390225349,229.90090955,473.973795349,-271.601523847,-645.931344446,-26.3427590818
2089.63824303,995.066600258,1157.28750613,417654475885.0,0,68448389198.6,149209890891.0,199996195795.0,6525.486389342852,176.783737936,205.361062154,226.778367639,621.41888376,-220.125885571,-936.975816673,20.0389036017
1995.04946917,909.972942121,1144.55346535,417215924628.0,0,68061546832.2,149382840337.0,199771537459.0,6525.486389342852,172.47805579,-754.060243399,249.851466661,-649.813179508,-372.05954055,-841.273907405,14.0493567514
1995.14062459,898.169280226,1134.21410167,417226190495.0,0,68070642204.2,149367928066.0,199787620225.0,6525.486389342852,172.701824423,-593.787089216,202.689555582,-707.385586324,-204.841337774,-738.990698002,23.6878001831
1995.31722981,1061.34983172,1263.22704929,416645346692.0,0,67722560682.3,149458542989.0,199464243021.0,6525.486389342852,168.372855473,525.078879689,291.771546585,-211.811949121,-378.414343237,-489.731247802,35.5787516884
2148.15537975,1228.19847392,1150.78426115,416169973129.0,1,67610997458.4,149312836636.0,199246139034.0,6525.486389342852,167.302590745,-191.717753648,263.293752956,820.684404017,-373.158125658,24.1001112072,-15.1868523006
2002.10621569,1129.59848091,1416.4506947,427367104186.0,2,68123572501.5,154384681458.0,204858850227.0,6525.486389342852,173.299273332,-259.208361688,164.829712541,695.125092299,-162.971059538,858.377917282,41.8666219363
1995.0,893.941041965,1134.85928049,417509526806.0,0,68578945563.1,148991345266.0,199939235976.0,6525.486389342852,178.350424941,-387.350888145,183.045312724,-559.367102432,-370.96505807,-161.979612968,-46.5956622606
2084.67450365,1228.14562089,1157.42276591,421228544050.0,0,67496217634.5,151929047614.0,201803278801.0,6525.486389342852,166.281433207,845.9395082,164.629932224,-321.445059035,-369.359729064,604.849391297,-26.4885639053
1995.07067957,912.771110787,1146.07170436,415147521528.0,0,67391501497.8,149022551641.0,198733468389.0,6525.486389342852,164.68781056,-992.655435281,259.857847075,-878.985192207,-397.714318836,-501.77984809,16.7933463185
2010.25484868,1065.25593555,1384.79653719,418162919952.0,0,68473255884.2,149472264533.0,200217399535.0,6525.486389342852,176.695746292,773.787320189,296.538701169,243.494941464,-319.561856002,-363.455267919,42.5413930603
1995.59093115,900.439961316,1131.93834014,416784437438.0,0,67853965417.2,149379632429.0,199550839592.0,6525.486389342852,170.078904813,-944.728783461,212.525584188,-510.23712422,-384.589904129,-481.161575215,48.5609359445
1998.2615127,1268.81252287,1517.78707716,415082438388.0,1,67211839041.9,149177821777.0,198692777568.0,6525.486389342852,162.412867419,986.100198435,288.123739093,113.606686042,-262.660439859,-436.610714226,10.8440784154
1995.0,921.656026251,1156.81667983,417541449969.0,0,68351277907.7,149228404396.0,199961767666.0,6525.486389342852,175.97157185,243.947899542,155.930282605,-494.53402002,-158.911312192,-766.600396543,-9.01390367394
1169.04439176,1142.48207432,2215.09353787,331288069559.0,1,60121770120.7,113182021896.0,157984277542.0,6035.239756344257,160.653037217,259.315745377,212.179485583,962.6081142,-203.658569511,-639.134991994,-28.6955165915
1143.62955644,905.048928154,1995.0,338188249263.0,0,62282027356.0,114477493594.0,161428728312.0,6035.239756344257,177.328638353,-828.540488966,231.275944171,-856.007316602,-244.98990545,-908.77821652,-39.4081409538
1138.98734915,907.304180686,1995.2703637,335014090660.0,0,61040684087.4,114142613347.0,159830793226.0,6035.239756344257,168.240089546,-857.60331762,239.949737008,-17.7987942385,-274.31987867,-764.096752482,32.845460051
1268.07265752,931.975550248,2116.118446,338659382635.0,1,62351432383.2,114676832415.0,161631117837.0,6035.239756344257,177.573193931,547.856636738,280.346720482,703.930794034,-362.802912887,-235.470697499,49.1295707378
1471.77018761,899.422600534,2205.29415287,344645908697.0,2,60651809295.2,119339422033.0,164654677369.0,6035.239756344257,165.170519723,-734.404142383,208.173039446,-291.29693103,-201.303852368,939.154997154,35.8495748399
1431.26317322,960.114181549,2068.24484616,336238666374.0,0,61191731731.1,114601825190.0,160445109453.0,6035.239756344257,169.427487465,873.466677882,218.19801297,543.946012753,-258.877371511,-62.9443226773,41.6470751293
1141.31857808,912.621584765,1999.31100912,338569742368.0,0,62512294575.5,114435992010.0,161621455783.0,6035.239756344257,178.88144626,-52.4020778619,223.720647932,131.15726693,-174.562805838,-350.048870566,4.15722505518
1335.382127,1028.43174492,2006.21861767,344084656137.0,0,62460921821.8,117267919088.0,164355815227.0,6035.239756344257,178.387354278,-976.688932614,294.835585502,452.900465317,-264.366752301,664.768683549,-40.0624686919
1140.92147812,905.214150473,1995.05219939,338371505289.0,0,62388574972.2,114464701358.0,161518228959.0,6035.239756344257,178.031149644,-758.92893045,231.921663967,-808.132194832,-222.302356274,-577.822188363,14.431849845
1137.0429104,896.711536721,1995.0,331615154789.0,0,60222433972.6,113240413129.0,158152307688.0,6035.239756344257,161.597243965,-846.718387383,196.128988395,-890.030755722,-386.982111872,-475.590429041,-15.1230086669
1455.23312448,1189.70177708,1998.93805182,335644121128.0,1,60995097451.1,114474625218.0,160174398459.0,6035.239756344257,168.10670123,914.048331486,166.790570188,125.412658898,-307.007619645,-792.512330566,-28.1298622846
1139.70999418,911.569183932,1996.33816472,331564312752.0,0,60192852444.1,113245665474.0,158125794835.0,6035.239756344257,161.323694581,-153.007418326,198.04813325,161.586862122,-266.986161676,88.8027494516,6.5985510352
1316.66814301,1037.42244615,2001.92784912,339657811479.0,0,60795692660.1,116715345496.0,162146773323.0,6035.239756344257,166.237955197,-509.29305801,243.583040608,501.285980361,-183.160322016,662.279379172,42.0860859696
1391.77226246,908.812414651,2147.37421878,342637790014.0,0,60951102524.5,118040450585.0,163646236904.0,6035.239756344257,167.561979924,-653.729457439,245.591133847,-588.557261964,-251.816832866,794.269781055,18.0707051825
1183.6990886,911.908515392,2003.03391847,335519453642.0,0,61152684599.4,114267662420.0,160099106623.0,6035.239756344257,169.231825753,343.158437618,196.107541257,177.345372068,-182.15954077,-15.5552389784,25.8553193839
1297.09001745,957.722876281,2019.15797596,346646719912.0,1,61702696961.7,119295775828.0,165648247123.0,6035.239756344257,173.219117027,273.836497993,261.878752787,561.98164647,-217.41380594,873.388023887,-47.7216403791
1140.46671074,1304.70813126,2173.01385342,338136100802.0,1,62123031476.6,114600549808.0,161412519517.0,6035.239756344257,176.312447156,-318.109867524,197.086229996,947.520620204,-398.8923188,86.1471778747,-5.81142210195
1318.82477343,1320.10602294,2016.61047849,337074060956.0,1,60176585156.4,116038284253.0,160859191546.0,6035.239756344257,160.984969189,-900.90477774,234.53499238,960.233434721,-190.810529865,668.443547126,39.3888745204
1375.61069463,926.062430952,2171.24655254,345124795062.0,1,61312727098.0,118932622978.0,164879444986.0,6035.239756344257,170.283012302,107.855200488,283.432323048,-94.0481526714,-353.705992924,856.882870696,6.19175524207
1224.8299791,895.941445888,2072.10963483,336862736823.0,0,60493575097.8,115587306394.0,160781855331.0,6035.239756344257,164.001109171,90.6439679368,169.910992983,-276.938523451,-260.356544608,559.923386272,9.95692070966
1479.84630089,1310.38709314,1995.22430781,337531371843.0,1,61621645996.1,114832652255.0,161077073592.0,6035.239756344257,172.5340267,933.962251372,281.431780153,-146.896329738,-307.295366291,-747.807963931,29.9171935853
1157.16929921,1315.97172584,2204.89020048,335164089002.0,1,61044717392.5,114222438597.0,159896933013.0,6035.239756344257,168.202246995,-32.5510101815,290.930897335,938.890726432,-208.907396388,-420.742720639,-18.3347482206
1135.37331131,989.849593575,2019.4219519,336668173006.0,0,61506846147.6,114484471026.0,160676855833.0,6035.239756344257,171.923181786,-822.297969452,175.919726025,428.053113406,-371.14534668,116.439683537,30.6119281117
1495.83702526,963.913851951,2104.48629385,332028632910.0,1,60155589629.0,113545239713.0,158327803568.0,6035.239756344257,160.717045124,946.678566863,294.835712194,669.953402126,-223.881544009,-584.464022194,-45.5468209985
1229.0113039,1010.78869459,1995.0,338732343290.0,0,62496003267.3,114525696291.0,161710643732.0,6035.239756344257,178.825864814,466.07948628,197.075360133,-561.132913882,-242.433311942,-324.320923896,-36.3303525786
1376.30237381,1195.02515081,1995.57092486,334216983978.0,0,60695846948.4,114103838898.0,159417298132.0,6035.239756344257,165.345364522,770.883367729,261.149276155,-729.109184764,-362.201675026,-384.095139198,47.7317100429
1151.13466855,912.903083921,1997.46876744,335067572431.0,0,61021034104.4,114189014078.0,159857524249.0,6035.239756344257,168.085771858,-117.36961085,260.321033788,-481.068089948,-235.156978089,98.3880168815,13.2768610521
1164.72571692,1032.10090977,2010.6301367,338186718573.0,0,61454451829.4,115287886191.0,161444380552.0,6035.239756344257,171.597437269,618.620709872,172.087561806,99.0120503757,-152.608047667,349.229049401,-4.51732755873
1432.0642164,1253.60184492,1995.14926624,334133942041.0,0,60624842185.5,114105100420.0,159403999435.0,6035.239756344257,164.990594944,873.636788646,206.522025724,-726.646443938,-242.214903785,-934.369132947,24.4048068499
1326.88436381,1127.76199392,1995.0,335102946191.0,0,60960807448.3,114273229162.0,159868909581.0,6035.239756344257,167.560389175,652.470994667,283.731767765,-198.2650619,-181.162145483,-844.540623954,-20.5026617058
1130.53514029,894.260342941,1995.23549193,337421877627.0,0,61895940978.5,114474430307.0,161051506342.0,6035.239756344257,174.7068239,8.07564048537,184.421649998,-271.762801989,-226.169709344,-582.21136856,30.6540088694
1217.12640732,915.943221949,2035.43306653,337339943837.0,0,61125069279.1,115225563788.0,160989310770.0,6035.239756344257,168.863542953,-526.012863142,270.789560053,-175.75247086,-399.3532975,403.321621415,17.1591969379
1171.36206682,894.15234235,2021.96496405,345261975004.0,0,61645983829.4,118636065123.0,164979926053.0,6035.239756344257,172.983315327,515.52618164,180.268405332,478.287581117,-314.136292511,807.403542213,-20.560688602
1137.2227299,931.961366405,2010.98892366,337537511807.0,0,61943802490.6,114480506865.0,161113202452.0,6035.239756344257,175.069940553,-406.008023338,197.168804322,253.083881496,-379.577850594,-277.208110064,-16.6628111921
1184.16562412,934.14986,1996.63293526,344438587962.0,0,61932539578.1,117957570465.0,164548477919.0,6035.239756344257,174.884039891,438.638072866,248.66916054,651.181267381,-226.341544082,731.915883061,-5.26693659813
1199.54343689,965.215264628,2132.61686586,334099664786.0,1,60722894984.9,113978431739.0,159398338062.0,6035.239756344257,165.894179641,389.10454833,181.939845673,753.677448622,-377.62379825,-688.413784475,-27.4361892063
1421.94433967,1246.79373775,1995.03900355,342976466013.0,2,60706271465.0,118442604454.0,163827590094.0,6035.239756344257,165.6829424,-740.939666618,215.253309446,861.705075575,-351.892613367,849.23007359,-20.1809420363
1252.67755903,908.820065236,2041.80858628,341418672602.0,0,61708127825.4,116667368288.0,163043176489.0,6035.239756344257,173.322678378,82.6172330473,233.457165326,158.94981412,-333.825592459,593.638223078,1.81387349506
1264.14307932,922.600192236,2095.2956013,341030036388.0,0,61304752096.0,116889535428.0,162835748864.0,6035.239756344257,170.25053656,113.408150632,269.638102062,-259.046270583,-214.930665182,640.370926733,12.7958204917
1255.61009057,923.161354754,2023.4719028,336803277455.0,0,61532170885.9,114543705125.0,160727401444.0,6035.239756344257,171.984368672,544.917816644,206.162229396,334.920145033,-184.975796149,-872.913588672,47.3501623545
1138.65475615,904.207477109,1995.12906842,333755171837.0,0,60701307666.6,113844891556.0,159208972614.0,6035.239756344257,165.576614207,-572.567073829,227.960877478,-277.694835534,-329.419524801,-223.274582267,22.6936036335
1131.00109995,889.0379565,1995.0,338624945458.0,0,62557254387.8,114400599432.0,161667091638.0,6035.239756344257,179.29667472,-124.229491598,157.364189375,-536.45847249,-306.41475587,-894.594928238,-43.02677054
1148.36884739,916.341202031,1995.0853831,334233355624.0,0,60828829668.3,113969309125.0,159435216831.0,6035.239756344257,166.512063641,-736.955111734,272.13268554,-174.270314819,-385.416216179,-595.597824465,18.4576776017
1137.02228853,897.768305461,1995.48696956,331817324456.0,0,60262675303.2,113301224060.0,158253425093.0,6035.239756344257,161.954120249,-414.63871951,196.009399303,44.0822603211,-231.661746341,-658.257280718,-0.102658261109
1125.06392161,932.034802709,2015.44241436,335845164755.0,0,61286234522.1,114295663907.0,160263266326.0,6035.239756344257,170.261402463,-455.911191209,152.167246768,282.681804282,-399.767084731,-381.504781029,45.5425418097
1145.27929887,1315.40337501,2210.75131269,333969395878.0,1,60715994932.6,113936566152.0,159316834793.0,6035.239756344257,165.703496353,-404.789193693,239.300381139,952.573549166,-225.854104457,-994.740080401,-1.79040412384
1129.52678335,903.050269722,2001.66594945,338639732785.0,0,62564531110.7,114400105948.0,161675095726.0,6035.239756344257,179.348490145,-575.069175427,152.548733507,163.106325905,-205.675241433,-893.324246572,6.15626679285
1186.50197947,961.45186485,1995.05153303,336094832070.0,0,61337158846.3,114367067669.0,160390605554.0,6035.239756344257,170.66435667,347.652485505,194.68548417,-563.475478136,-380.443384659,-945.125203148,14.3394373461
1160.85486436,907.069736879,2012.12032384,338495434737.0,0,61993310738.0,114919669103.0,161582454896.0,6035.239756344257,175.347867762,62.1743763307,230.835124038,-58.5398804023,-222.387091556,261.922121296,-17.4010882494
1253.43033918,896.011497012,2065.34941504,336044096206.0,0,61183659476.4,114499401559.0,160361035170.0,6035.239756344257,169.466922441,636.758615861,192.844764826,632.015256568,-150.419452621,98.3529659937,29.1164185496
1359.3090949,933.386408455,2197.16960137,349137812183.0,2,62440938050.2,119802333692.0,166894540441.0,6035.239756344257,178.335154446,195.409485375,259.615717,-323.303359419,-158.927285227,920.613522152,-39.8253799975
1261.81786583,1054.67304732,1995.09254348,338595266998.0,0,62367503784.1,114601932720.0,161625830494.0,6035.239756344257,177.861263884,536.855946402,241.85931768,-528.819340708,-388.60991637,-160.248010743,19.2160619145
1143.03237145,994.596572948,2030.13679536,337230103324.0,0,61123060017.7,115155434098.0,160951609209.0,6035.239756344257,168.981337727,416.016696874,224.783119565,-977.096372519,-260.454081582,376.07234395,-18.3914523474
1428.26103917,1298.60973893,1996.63694652,345465119112.0,2,61256685422.4,119147312877.0,165061120813.0,6035.239756344257,169.94519216,-168.056481427,196.249335651,939.280816532,-326.697812754,873.684464388,47.2357365978
1444.5590223,1023.35193492,2034.21631779,345541247833.0,2,61181677857.0,119243622139.0,165115947837.0,6035.239756344257,169.500324917,-935.325990887,193.942021469,493.974366764,-282.062567338,891.480376245,-46.7925455172
1139.27586858,960.320670776,2023.13279,338024944528.0,0,62182519294.2,114488713634.0,161353711600.0,6035.239756344257,176.697615323,-177.407832135,208.685180929,336.216129862,-344.051168721,-472.897760302,-37.8775814377
1351.2890281,1085.0258217,1998.49609013,333098931819.0,0,60422516835.7,113776320055.0,158900094928.0,6035.239756344257,163.396240008,748.770614528,173.646416095,131.111359001,-156.841996493,12.9520501786,-14.2161071889
1130.82074832,891.284252625,1997.02955369,337241595118.0,0,61779589855.3,114499802311.0,160962202952.0,6035.239756344257,173.888618811,-113.572888165,169.595456828,-484.86462846,-167.502660197,82.1094531478,36.8792086655
1277.35784871,910.395395423,2043.60492606,338256909353.0,0,62144691064.6,114643868950.0,161468349339.0,6035.239756344257,176.429656383,575.940371194,213.391102156,443.053150105,-247.751406742,-322.825498771,-28.0097020844
1140.8340363,1079.70641842,2056.28381392,337912438674.0,0,60883991437.9,115725810628.0,161302636609.0,6035.239756344257,167.179535808,603.398320257,189.872107211,-676.004265504,-308.156123661,498.275148274,-5.63709193839
1361.77173248,1262.01366432,1999.56818112,340931593751.0,1,60682284554.6,117457237351.0,162792071846.0,6035.239756344257,165.377640252,-879.897567586,219.299637432,882.587762187,-199.038771467,753.616770492,40.1795251439
1156.30033875,1034.14893297,2048.00010985,334497073611.0,0,60892744579.5,114045397264.0,159558931767.0,6035.239756344257,166.961242681,-734.183710679,299.507642264,462.746353614,-314.733062626,-928.20565903,12.0524746551
1205.53453275,1054.26213266,2221.29544565,331785913325.0,1,60201508689.7,113356249847.0,158228154789.0,6035.239756344257,161.325625469,419.516168723,190.101438914,976.027702555,-252.871342384,-451.655260254,38.7089231632
1318.28783855,904.048873835,2100.43530226,338163693220.0,0,60460760331.7,116285290954.0,161417641934.0,6035.239756344257,163.596699445,-346.673651614,227.330961997,-282.68408784,-382.681093102,657.117538172,-2.91888034265
1145.48496795,907.392314164,1995.0,331495489973.0,0,60206791071.3,113209123016.0,158079575885.0,6035.239756344257,161.342749145,-173.694775866,240.28277467,-481.116206581,-249.850934814,-335.313624517,-11.3052960526
1132.63857557,891.120161855,1995.0,338045239406.0,0,62204600472.0,114466160736.0,161374478197.0,6035.239756344257,176.920476684,-691.973382716,168.730977784,-54.1228935801,-349.5358818,-866.311467378,-38.7987479539
1146.15232127,1084.43339921,2105.92345912,338085110267.0,0,62181308802.5,114526548735.0,161377252729.0,6035.239756344257,176.644672475,76.9384674518,230.966698414,674.454309537,-394.717034391,-629.615505044,-46.9864047576
1135.84251293,922.857056864,2011.42729571,345992905270.0,1,61585109679.8,119091430382.0,165316365208.0,6035.239756344257,172.32958932,772.722505244,225.501420288,585.134507621,-327.016796621,837.188380977,47.7871410413
1167.01064705,1052.27456813,2114.36195585,337881779426.0,1,62062467483.4,114556953846.0,161262358096.0,6035.239756344257,175.736145953,183.019630091,272.061877778,700.358108649,-398.370187102,-801.609347813,-4.69051326903
1148.47808656,917.683160608,1995.16653654,338356965899.0,0,62369422075.8,114483672318.0,161503871505.0,6035.239756344257,177.855290892,130.302400085,244.005466732,-314.523871941,-340.393675668,-429.901807692,25.778062774
1142.57394686,950.273575845,2027.37195728,337690370852.0,0,62009988915.5,114496539096.0,161183842840.0,6035.239756344257,175.491242108,60.8182362223,217.661126949,360.849072578,-231.587112791,-242.739169778,-2.41686967534
1257.33246237,988.620993718,1999.05454052,340245148432.0,0,61673620280.9,116119766165.0,162451761987.0,6035.239756344257,173.040328148,-410.054838702,248.65716079,387.18998645,-271.805322046,514.445854592,-3.33622257765
1130.8071242,1069.80675487,2081.96103245,331972276533.0,0,60275927229.5,113355260068.0,158341089235.0,6035.239756344257,162.160649972,-302.42246013,155.963944998,595.429878855,-266.867351719,-516.952409576,-33.2342058015
1395.81976964,1269.40468166,1996.969221,339697412713.0,1,60155284995.6,117345950824.0,162196176894.0,6035.239756344257,161.021061201,-962.55893088,185.898238305,900.669246073,-171.427385675,812.006572823,-7.8676927389
1164.17937908,930.880565207,1995.0,337732336612.0,0,62017078598.5,114507437440.0,161207820574.0,6035.239756344257,175.561321158,240.771715607,207.225982067,-63.7667147479,-299.675195139,-393.020355048,-24.5758243183
1183.82649932,1172.03673469,2035.05436274,342587032097.0,1,62215033446.9,116735293150.0,163636705500.0,6035.239756344257,176.932477245,224.392975166,161.30875889,987.298337432,-383.644363572,587.264037179,37.3338708976
1309.5086796,961.661737848,2020.06222429,331890683925.0,0,60206409671.6,113408339063.0,158275935190.0,6035.239756344257,161.328273184,660.637621773,197.979937587,314.267527287,-177.647461637,-144.6288519,43.1545047553
1311.33198928,1109.42173501,1995.0,337240596129.0,0,61676273799.1,114625622345.0,160938699985.0,6035.239756344257,172.981531144,621.488429275,280.96924812,-23.0749650824,-300.369119405,-343.167596103,-45.1812844272
1350.79013519,914.495122596,2097.35606192,338274850755.0,0,62059592210.8,114751812523.0,161463446022.0,6035.239756344257,175.747761145,709.536908586,258.440253599,647.20742462,-351.472670401,-712.838288505,-7.04609441186
1131.07047569,910.008570016,2010.1350286,334820492378.0,0,60967974915.8,114086102418.0,159766415044.0,6035.239756344257,167.923394461,46.8054662717,150.763620637,246.206891028,-382.184268189,-408.020343071,-5.73024972544
1243.2496449,897.78494049,2056.91562301,339959334165.0,0,61634914347.8,116001354338.0,162323065479.0,6035.239756344257,172.863056728,-456.743256705,200.979599391,-331.241718498,-263.964750101,500.876112596,-49.4816829791
1151.91007836,917.737887277,1995.01427459,335597408853.0,0,61218482596.1,114261044095.0,160117882162.0,6035.239756344257,169.581989337,-900.937596864,276.79925893,-870.524426504,-227.591895254,-725.243975067,7.54690773899
1233.34958962,922.228599717,2024.93396572,347292013300.0,0,62589611158.3,118736794981.0,165965607161.0,6035.239756344257,179.279180248,384.971789184,277.512076026,473.671494905,-280.099713418,820.561341266,-27.0042014951
1149.95905787,917.258377847,1995.11244541,333719327631.0,0,60676207255.7,113838712791.0,159204407584.0,6035.239756344257,165.479891871,193.108140127,196.079519448,-111.216587141,-237.375491644,21.181827898,-38.2975661709
1158.83701002,924.76457751,1995.26597426,333990517897.0,0,60769436044.9,113913297947.0,159307783905.0,6035.239756344257,165.980496431,-472.110494755,297.494900445,32.5777228435,-166.935370135,-256.419322231,-49.8579513923
1130.05787159,967.733803439,2029.99635137,336714671583.0,0,61590422841.0,114421541923.0,160702706820.0,6035.239756344257,172.554134775,-631.994701584,175.006481212,374.508272074,-219.201465705,-730.639714424,24.5711358543
1267.54959285,892.568445967,2085.18279992,336888242446.0,1,61032545797.6,115063180150.0,160792516498.0,6035.239756344257,168.369349797,868.547707753,172.931127488,902.433632283,-272.279739896,296.05375932,16.3021092636
1145.71784503,920.103358251,1995.46666433,331179220290.0,0,60163568598.6,113122361378.0,157893290314.0,6035.239756344257,160.70048939,-674.247949134,284.54382767,-505.14956227,-241.701086995,-385.037887542,43.1533133186
1327.20089971,1128.13440165,1995.0,338322399305.0,0,62139783438.2,114693126256.0,161489489611.0,6035.239756344257,176.31638013,666.206709738,251.457447867,-134.324512389,-288.162524879,-62.3188384333,-33.1358229483
1181.40955524,952.341082387,1995.0,338121863769.0,0,62204322148.5,114525285844.0,161392255776.0,6035.239756344257,176.778717224,287.76843391,241.904662311,-837.707177047,-199.091771806,-299.775442296,-49.9534019749
1176.13076513,903.344549735,2019.49206113,339478197073.0,0,62324737412.9,115091924043.0,162061535617.0,6035.239756344257,177.534879828,-197.449116969,224.513642205,-684.756898525,-377.487513878,310.434769626,44.1977236172
1177.12018866,983.719784829,1998.46731608,347609415835.0,2,62283786948.1,119198507107.0,166127121779.0,6035.239756344257,177.258064833,603.841583782,269.273140555,963.802124452,-380.334129622,846.130490519,-43.5281822605
1152.48264009,1313.31588286,2202.36041243,333631556725.0,1,60648915082.4,113860882187.0,159121759455.0,6035.239756344257,164.932533787,-922.463996339,299.279691701,932.52628612,-292.523345947,-119.186882675,27.5882569855
1245.53251356,961.964683396,2001.63676012,340863907556.0,0,62011710188.2,116079514600.0,162772682768.0,6035.239756344257,175.517608066,-721.229577424,210.479396608,339.778568636,-382.210705585,502.642682175,-7.6319323326
1217.45088303,1014.84574857,2190.14001962,345031487500.0,2,60920918927.5,119259396360.0,164851172213.0,6035.239756344257,167.386379008,466.960466119,215.022827817,-875.932847983,-249.297471099,903.441111196,21.9650668711
1402.87330143,1220.03438129,1995.17267208,338200884888.0,0,61972109079.3,114787055252.0,161441720556.0,6035.239756344257,175.245624922,829.057526538,188.474160607,-132.730920957,-303.388822906,-46.550496993,26.2486461432
1194.42650187,968.441876613,1995.0,337015893879.0,0,61670789588.3,114491620926.0,160853483365.0,6035.239756344257,173.137940164,367.349567188,193.155284332,-415.447886465,-303.538378874,-723.813611918,-9.66142713632
1131.11262506,1163.40130026,2145.23832147,335681774327.0,1,61198427234.4,114286964638.0,160196382454.0,6035.239756344257,169.706366411,37.5059217856,153.652453272,788.684002564,-285.256766266,-750.552463652,-17.7967722117
1165.67988984,1203.9393054,2227.29774094,336050646602.0,1,61298997699.7,114402712233.0,160348936670.0,6035.239756344257,170.228796509,205.733206785,261.361402504,990.293636813,-262.820509318,-386.914105778,12.1958888476
1141.77612292,912.211262378,1995.32397274,338627272966.0,0,62545734698.8,114451336321.0,161630201946.0,6035.239756344257,178.970118479,-446.610163746,257.884445458,-560.365892132,-265.098769256,-344.970788861,35.9549186381
